	input	category	prediction
0	A cake was blessed by the wolf .	active_to_passive	cake ( 13 ) ; wolf ( 27 ) ; bless ( 19 ) AND theme ( 19 , 13 ) AND agent ( 19 , 27 )
1	A melon was blessed by a boy .	active_to_passive	melon ( 13 ) ; boy ( 27 ) ; bless ( 19 ) AND theme ( 19 , 13 ) AND agent ( 19 , 27 )
2	A cake was blessed by Nathan .	active_to_passive	cake ( 13 ) ; Nathan ( 27 ) ; bless ( 19 ) AND theme ( 19 , 13 ) AND agent ( 19 , 27 )
3	The bowl was blessed by a girl .	active_to_passive	* bowl ( 12 ) ; girl ( 29 ) ; bless ( 37 ) AND theme ( 37 , 12 ) AND agent ( 37 , 29 )
4	The teacher believed that the toy was blessed by Mia .	active_to_passive	* teacher ( 23 ) ; * toy ( 14 ) ; Mia ( 37 ) ; believe ( 6 ) AND agent ( 6 , 23 ) AND ccomp ( 6 , 19 ) AND bless ( 19 ) AND theme ( 19 , 14 ) AND agent ( 19 , 37 )
5	The radio was blessed .	active_to_passive	* radio ( 12 ) ; bless ( 6 ) AND theme ( 6 , 12 )
6	A raisin was blessed by Sofia .	active_to_passive	raisin ( 11 ) ; Sofia ( 23 ) ; bless ( 6 ) AND theme ( 6 , 11 ) AND agent ( 6 , 23 )
7	A pencil was blessed .	active_to_passive	pencil ( 13 ) ; bless ( 27 ) AND theme ( 27 , 13 )
8	A donut was blessed by a horse .	active_to_passive	donut ( 12 ) ; horse ( 29 ) ; bless ( 6 ) AND theme ( 6 , 12 ) AND agent ( 6 , 29 )
9	A rose was blessed .	active_to_passive	rose ( 13 ) ; bless ( 27 ) AND theme ( 27 , 13 )
10	Emma said that the drink was blessed by a girl .	active_to_passive	Emma ( 23 ) ; * drink ( 12 ) ; girl ( 29 ) ; say ( 6 ) AND agent ( 6 , 23 ) AND ccomp ( 6 , 17 ) AND bless ( 17 ) AND theme ( 17 , 12 ) AND agent ( 17 , 29 )
11	The needle was blessed .	active_to_passive	* needle ( 25 ) ; bless ( 6 ) AND theme ( 6 , 25 )
12	The banana was blessed by the dog .	active_to_passive	* banana ( 12 ) ; * dog ( 29 ) ; bless ( 41 ) AND theme ( 41 , 12 ) AND agent ( 41 , 29 )
13	The cake was blessed by a cat .	active_to_passive	* cake ( 12 ) ; cat ( 29 ) ; bless ( 18 ) AND theme ( 18 , 12 ) AND agent ( 18 , 29 )
14	A shoe was blessed .	active_to_passive	shoe ( 13 ) ; bless ( 24 ) AND theme ( 24 , 13 )
15	The box was blessed by Benjamin .	active_to_passive	* box ( 12 ) ; Benjamin ( 29 ) ; bless ( 37 ) AND theme ( 37 , 12 ) AND agent ( 37 , 29 )
16	A melon was blessed by a goose .	active_to_passive	melon ( 13 ) ; goose ( 27 ) ; bless ( 19 ) AND theme ( 19 , 13 ) AND agent ( 19 , 27 )
17	Aria respected that the liver was blessed by Emma .	active_to_passive	Aria ( 13 ) ; * liver ( 27 ) ; Emma ( 41 ) ; respect ( 6 ) AND agent ( 6 , 13 ) AND ccomp ( 6 , 19 ) AND bless ( 19 ) AND theme ( 19 , 27 ) AND agent ( 19 , 41 )
18	The cake was blessed by Emma .	active_to_passive	* cake ( 12 ) ; Emma ( 29 ) ; bless ( 41 ) AND theme ( 41 , 12 ) AND agent ( 41 , 29 )
19	A rose was blessed by a boy .	active_to_passive	rose ( 13 ) ; boy ( 27 ) ; bless ( 19 ) AND theme ( 19 , 13 ) AND agent ( 19 , 27 )
20	Emma believed that a student liked that a chicken valued that the child proved that Jacob believed that a boy believed that a duck burned a cake .	cp_recursion	Emma ( 23 ) ; student ( 17 ) ; like ( 13 ) ; chicken ( 29 ) ; value ( 41 ) ; child ( 54 ) ; prove ( 47 ) ; Jacob ( 39 ) ; boy ( 31 ) ; duck ( 26 ) ; burn ( 6 ) ; cake ( 8 ) ; believe ( 36 ) AND agent ( 36 , 23 ) AND ccomp ( 36 , 17 ) AND like ( 18 ) AND agent ( 18 , 13 ) AND ccomp ( 18 , 29 ) AND value ( 28 ) AND agent ( 28 , 41 ) AND ccomp ( 28 , 54 ) AND prove (
21	A chicken believed that Ellie liked that Olivia expected that a boy admired that a cat valued that Emma appreciated that Liam hoped that Ava said that Isaac liked that a creature declared that the dog liked that a cake was fed to a girl .	cp_recursion	chicken ( 6 ) ; Ellie ( 13 ) ; Olivia ( 19 ) ; boy ( 26 ) ; cat ( 33 ) ; Emma ( 40 ) ; Liam ( 47 ) ; Ava ( 54 ) ; Isaac ( 61 ) ; creature ( 68 ) ; dog ( 75 ) ; cake ( 82 ) ; girl ( 89 ) ; believe ( 9 ) AND agent ( 9 , 6 ) AND ccomp ( 9 , 16 ) AND like ( 16 ) AND agent ( 16 , 13 ) AND ccomp ( 16 , 23 ) AND expect ( 23 ) AND agent ( 23 , 19 ) AND ccomp ( 23 ,
22	The pig liked that Levi liked that the dog supported that Sophia wished that the girl imagined that the cat liked that the baby liked that Logan noticed that the president meant that Emma admired that a horse passed the donut on a carpet on a table to Olivia .	cp_recursion	* pig ( 17 ) ; Levi ( 23 ) ; dog ( 29 ) ; Sophia ( 35 ) ; girl ( 41 ) ; cat ( 47 ) ; baby ( 53 ) ; Logan ( 59 ) ; president ( 65 ) ; Emma ( 71 ) ; horse ( 77 ) ; * donut ( 83 ) ; * carpet ( 89 ) ; * table ( 95 ) ; Olivia ( 101 ) ; like ( 21 ) AND agent ( 21 , 17 ) AND ccomp ( 21 , 27 ) AND like ( 27 ) AND agent ( 27 , 23 ) AND ccomp ( 27 , 33 ) AND support ( 33 )
23	Henry said that a cat believed that Lucas noticed that the baby respected that a boy liked that Emma hoped that a child liked that Leah admired that a girl was fed a jar in the house by Noah .	cp_recursion	Henry ( 17 ) ; cat ( 23 ) ; Lucas ( 29 ) ; baby ( 41 ) ; boy ( 54 ) ; Emma ( 12 ) ; child ( 38 ) ; Leah ( 47 ) ; girl ( 6 ) ; jar ( 9 ) ; house ( 33 ) ; Noah ( 21 ) ; say ( 14 ) AND agent ( 14 , 17 ) AND ccomp ( 14 , 27 ) AND believe ( 27 ) AND agent ( 27 , 23 ) AND ccomp ( 27 , 29 ) AND notice ( 31 ) AND agent ( 31 , 29 ) AND ccomp ( 31 , 41 ) AND respect (
24	The boy meant that the poet liked that a squirrel proved that William respected that a bird hoped that Hannah hoped that Liam liked that the cake changed .	cp_recursion	* boy ( 16 ) ; * poet ( 33 ) ; like ( 39 ) ; squirrel ( 7 ) ; prove ( 49 ) ; William ( 23 ) ; respect ( 56 ) ; bird ( 12 ) ; hope ( 29 ) ; Hannah ( 41 ) ; Liam ( 54 ) ; change ( 36 ) ; cake ( 18 ) ; mean ( 4 ) AND agent ( 4 , 16 ) AND ccomp ( 4 , 27 ) AND like ( 27 ) AND agent ( 27 , 33 ) AND ccomp ( 27 , 39 ) AND prove ( 46 ) AND agent ( 46 , 7 ) AND ccomp ( 46
25	Emma thought that Olivia noticed that James noticed that the duke liked that Mila meant that Natalie said that a teacher noticed that Noah hoped that Amelia proved that Audrey liked that a donut was painted by a student .	cp_recursion	Emma ( 10 ) ; Olivia ( 23 ) ; James ( 43 ) ; duke ( 56 ) ; Mila ( 29 ) ; Natalie ( 36 ) ; teacher ( 49 ) ; Noah ( 59 ) ; Amelia ( 12 ) ; Audrey ( 16 ) ; * donut ( 26 ) ; student ( 53 ) ; think ( 5 ) AND agent ( 5 , 10 ) AND ccomp ( 5 , 19 ) AND notice ( 19 ) AND agent ( 19 , 23 ) AND ccomp ( 19 , 33 ) AND notice ( 33 ) AND agent ( 33 , 43 ) AND ccomp ( 33 , 46 ) AND
26	Emma liked that the lion liked that Abigail said that Sebastian liked that Matthew hoped that the donut burned .	cp_recursion	Emma ( 23 ) ; lion ( 29 ) ; Abigail ( 37 ) ; Sebastian ( 45 ) ; Matthew ( 51 ) ; donut ( 56 ) ; like ( 6 ) AND agent ( 6 , 23 ) AND ccomp ( 6 , 13 ) AND like ( 13 ) AND agent ( 13 , 29 ) AND ccomp ( 13 , 21 ) AND say ( 21 ) AND agent ( 21 , 37 ) AND ccomp ( 21 , 33 ) AND like ( 33 ) AND agent ( 33 , 45 ) AND ccomp ( 33 , 41 ) AND hope ( 41 ) AND agent ( 41 ,
27	A boy confessed that the professor imagined that Jacob liked that a girl liked that Liam respected that Ava wanted to sleep .	cp_recursion	boy ( 16 ) ; professor ( 23 ) ; Jacob ( 29 ) ; girl ( 37 ) ; Liam ( 41 ) ; Ava ( 47 ) ; confess ( 6 ) AND agent ( 6 , 16 ) AND ccomp ( 6 , 12 ) AND imagine ( 12 ) AND agent ( 12 , 23 ) AND ccomp ( 12 , 19 ) AND like ( 19 ) AND agent ( 19 , 29 ) AND ccomp ( 19 , 27 ) AND like ( 27 ) AND agent ( 27 , 37 ) AND ccomp ( 27 , 33 ) AND respect ( 33 ) AND agent ( 33 , 41 )
28	Olivia admired that Sophia hoped that Noah expected that the rose was rolled by Emma .	cp_recursion	Olivia ( 10 ) ; Sophia ( 23 ) ; Noah ( 45 ) ; * rose ( 56 ) ; Emma ( 34 ) ; admire ( 12 ) AND agent ( 12 , 10 ) AND ccomp ( 12 , 18 ) AND hope ( 18 ) AND agent ( 18 , 23 ) AND ccomp ( 18 , 27 ) AND expect ( 27 ) AND agent ( 27 , 45 ) AND ccomp ( 27 , 49 ) AND roll ( 49 ) AND theme ( 49 , 56 ) AND agent ( 49 , 34 )
29	The scientist declared that William said that Daniel liked that the game was eaten by Aria .	cp_recursion	* scientist ( 33 ) ; William ( 7 ) ; Daniel ( 19 ) ; Aria ( 41 ) ; game ( 28 ) ; declare ( 36 ) AND agent ( 36 , 33 ) AND ccomp ( 36 , 46 ) AND say ( 46 ) AND agent ( 46 , 7 ) AND ccomp ( 46 , 19 ) AND like ( 54 ) AND agent ( 54 , 19 ) AND ccomp ( 54 , 48 ) AND eat ( 48 ) AND theme ( 48 , 28 ) AND agent ( 48 , 41 )
30	Olivia admired that a girl liked that Ava said that a bee admired that the citizen noticed that William noticed that Noah hoped that Liam confessed that Emma hoped that Lucas appreciated that the tool froze .	cp_recursion	Olivia ( 30 ) ; girl ( 13 ) ; Ava ( 24 ) ; bee ( 37 ) ; citizen ( 43 ) ; William ( 56 ) ; Noah ( 62 ) ; Liam ( 71 ) ; Emma ( 82 ) ; Lucas ( 95 ) ; tool ( 105 ) ; admire ( 19 ) AND agent ( 19 , 30 ) AND ccomp ( 19 , 27 ) AND like ( 27 ) AND agent ( 27 , 13 ) AND ccomp ( 27 , 34 ) AND say ( 34 ) AND agent ( 34 , 24 ) AND ccomp ( 34 , 41 ) AND admire ( 41 ) AND agent (
31	Elizabeth liked that the girl hoped that Liam thought that a mouse said that a teacher liked that Isabella liked that Emma floated .	cp_recursion	Elizabeth ( 13 ) ; girl ( 26 ) ; Liam ( 43 ) ; mouse ( 7 ) ; teacher ( 36 ) ; Isabella ( 19 ) ; Emma ( 54 ) ; like ( 1 ) AND agent ( 1 , 13 ) AND ccomp ( 1 , 18 ) AND hope ( 18 ) AND agent ( 18 , 26 ) AND ccomp ( 18 , 28 ) AND think ( 28 ) AND agent ( 28 , 43 ) AND ccomp ( 28 , 6 ) AND say ( 6 ) AND agent ( 6 , 7 ) AND ccomp ( 6 , 36 ) AND like ( 36 ) AND agent
32	A dog confessed that a child said that James said that Victoria hoped that the goose expected that the guard declared that the puppy valued that Benjamin valued that Liam said that the boy believed that a girl noticed that Olivia changed Emma .	cp_recursion	dog ( 7 ) ; child ( 13 ) ; James ( 19 ) ; Victoria ( 25 ) ; goose ( 31 ) ; guard ( 37 ) ; puppy ( 43 ) ; Benjamin ( 49 ) ; Liam ( 55 ) ; boy ( 61 ) ; girl ( 67 ) ; Olivia ( 73 ) ; Emma ( 79 ) ; confess ( 4 ) AND agent ( 4 , 7 ) AND ccomp ( 4 , 10 ) AND say ( 10 ) AND agent ( 10 , 13 ) AND ccomp ( 10 , 16 ) AND say ( 16 ) AND agent ( 16 , 19 ) AND ccomp ( 16 ,
33	Emma believed that the citizen wished that the chicken thought that a girl liked that a butterfly rolled .	cp_recursion	Emma ( 23 ) ; citizen ( 29 ) ; chicken ( 41 ) ; girl ( 7 ) ; butterfly ( 18 ) ; believe ( 13 ) AND agent ( 13 , 23 ) AND ccomp ( 13 , 27 ) AND wish ( 27 ) AND agent ( 27 , 29 ) AND ccomp ( 27 , 35 ) AND think ( 35 ) AND agent ( 35 , 41 ) AND ccomp ( 35 , 46 ) AND like ( 46 ) AND agent ( 46 , 7 ) AND ccomp ( 46 , 54 ) AND roll ( 54 ) AND theme ( 54 , 18 )
34	A cat liked that Luna hoped that Emma liked that Olivia liked that Liam appreciated that the bear floated .	cp_recursion	cat ( 7 ) ; Luna ( 13 ) ; Emma ( 19 ) ; Olivia ( 25 ) ; Liam ( 31 ) ; bear ( 37 ) ; float ( 43 ) ; like ( 5 ) AND agent ( 5 , 7 ) AND ccomp ( 5 , 11 ) AND hope ( 11 ) AND agent ( 11 , 13 ) AND ccomp ( 11 , 17 ) AND like ( 17 ) AND agent ( 17 , 19 ) AND ccomp ( 17 , 23 ) AND like ( 23 ) AND agent ( 23 , 25 ) AND ccomp ( 23 , 29 ) AND appreciate ( 29 ) AND agent (
35	The judge liked that Emma declared that a patient said that Isabella believed that Liam hoped that Olivia liked that the child liked that a girl hoped that Oliver liked that the king was given a cake .	cp_recursion	judge ( 16 ) ; Emma ( 23 ) ; patient ( 4 ) ; Isabella ( 29 ) ; Liam ( 33 ) ; Olivia ( 41 ) ; child ( 8 ) ; girl ( 12 ) ; Oliver ( 19 ) ; king ( 27 ) ; cake ( 36 ) ; like ( 6 ) AND agent ( 6 , 16 ) AND ccomp ( 6 , 13 ) AND declare ( 13 ) AND agent ( 13 , 23 ) AND ccomp ( 13 , 21 ) AND say ( 21 ) AND agent ( 21 , 4 ) AND ccomp ( 21 , 31 ) AND believe ( 31 ) AND agent (
36	The fly confessed that the cat admired that the customer wished that a priest believed that the baby liked that the bottle was given to a horse by the father .	cp_recursion	* fly ( 17 ) ; cat ( 23 ) ; customer ( 29 ) ; priest ( 35 ) ; baby ( 41 ) ; bottle ( 47 ) ; horse ( 53 ) ; father ( 59 ) ; confess ( 13 ) AND agent ( 13 , 17 ) AND ccomp ( 13 , 21 ) AND admire ( 21 ) AND agent ( 21 , 23 ) AND ccomp ( 21 , 27 ) AND wish ( 27 ) AND agent ( 27 , 29 ) AND ccomp ( 27 , 33 ) AND believe ( 33 ) AND agent ( 33 , 35 ) AND ccomp ( 33 , 39 ) AND like
37	The bear admired that a bird liked that Emma liked that the child proved that Liam liked that Isabella liked that the dog said that Avery hoped that Leah proved that the boy liked that the girl tolerated that a cake froze .	cp_recursion	* bear ( 15 ) ; bird ( 33 ) ; Emma ( 41 ) ; child ( 19 ) ; Liam ( 27 ) ; Isabella ( 38 ) ; dog ( 46 ) ; Avery ( 54 ) ; Leah ( 62 ) ; boy ( 70 ) ; girl ( 78 ) ; cake ( 86 ) ; admire ( 9 ) AND agent ( 9 , 15 ) AND ccomp ( 9 , 18 ) AND like ( 18 ) AND agent ( 18 , 33 ) AND ccomp ( 18 , 25 ) AND like ( 25 ) AND agent ( 25 , 41 ) AND ccomp ( 25 , 32 ) AND prove
38	Emma liked that Ella liked that Liam respected that Oliver noticed that a girl imagined that Bella meant that Ava said that a hero was awarded the cake on the truck in the crib in the room .	cp_recursion	Emma ( 23 ) ; Ella ( 45 ) ; Liam ( 12 ) ; Oliver ( 34 ) ; girl ( 56 ) ; Bella ( 27 ) ; Ava ( 18 ) ; hero ( 39 ) ; cake ( 8 ) ; truck ( 51 ) ; crib ( 15 ) ; room ( 29 ) ; like ( 6 ) AND agent ( 6 , 23 ) AND ccomp ( 6 , 45 ) AND like ( 45 ) AND agent ( 45 , 12 ) AND ccomp ( 45 , 34 ) AND respect ( 34 ) AND agent ( 34 , 12 ) AND ccomp ( 34 , 27 ) AND notice (
39	Levi liked that Emma declared that the girl wished that a lawyer liked that the turtle imagined that a monkey liked that Charlotte ate .	cp_recursion	Levi ( 23 ) ; Emma ( 27 ) ; girl ( 4 ) ; lawyer ( 36 ) ; turtle ( 19 ) ; monkey ( 43 ) ; Charlotte ( 50 ) ; like ( 6 ) AND agent ( 6 , 23 ) AND ccomp ( 6 , 13 ) AND declare ( 13 ) AND agent ( 13 , 27 ) AND ccomp ( 13 , 4 ) AND wish ( 31 ) AND agent ( 31 , 4 ) AND ccomp ( 31 , 36 ) AND like ( 36 ) AND agent ( 36 , 19 ) AND ccomp ( 36 , 43 ) AND imagine ( 47 ) AND agent
40	Noah teleported a lollipop beside the box to a girl .	do_dative_to_pp_dative	Noah ( 23 ) ; * lollipop ( 14 ) ; * box ( 9 ) ; * girl ( 19 ) ; nmod . beside ( 14 , 9 ) AND nmod . to ( 14 , 19 ) AND teleport ( 31 ) AND agent ( 31 , 23 ) AND theme ( 31 , 14 )
41	The girl teleported the donut in the house to the cat .	do_dative_to_pp_dative	* girl ( 23 ) ; * donut ( 17 ) ; * house ( 8 ) ; * cat ( 14 ) ; nmod . in ( 17 , 8 ) AND teleport ( 29 ) AND agent ( 29 , 23 ) AND theme ( 29 , 17 ) AND recipient ( 29 , 14 )
42	Emma teleported a cake to a dog .	do_dative_to_pp_dative	Emma ( 23 ) ; cake ( 17 ) ; dog ( 8 ) ; teleport ( 45 ) AND theme ( 45 , 17 ) AND recipient ( 45 , 8 )
43	Olivia teleported a mandarin to the cat .	do_dative_to_pp_dative	Olivia ( 23 ) ; mandarin ( 14 ) ; cat ( 8 ) ; teleport ( 37 ) AND theme ( 37 , 14 ) AND recipient ( 37 , 8 )
44	The cat teleported a crown on a table to Emma .	do_dative_to_pp_dative	* cat ( 13 ) ; * crown ( 27 ) ; * table ( 19 ) ; Emma ( 35 ) ; nmod . on ( 27 , 19 ) AND teleport ( 43 ) AND agent ( 43 , 13 ) AND theme ( 43 , 27 ) AND recipient ( 43 , 35 )
45	The child teleported the glue on a tree to Olivia .	do_dative_to_pp_dative	* child ( 17 ) ; * glue ( 29 ) ; * tree ( 41 ) ; Olivia ( 23 ) ; teleport ( 6 ) AND agent ( 6 , 17 ) AND theme ( 6 , 29 ) AND nmod . on ( 29 , 41 ) AND recipient ( 6 , 23 )
46	Joshua teleported the cookie beside the box to a girl .	do_dative_to_pp_dative	Joshua ( 13 ) ; * cookie ( 27 ) ; * box ( 19 ) ; * girl ( 33 ) ; nmod . beside ( 27 , 19 ) AND teleport ( 44 ) AND agent ( 44 , 13 ) AND theme ( 44 , 27 ) AND recipient ( 44 , 33 )
47	A monkey teleported the cake to Ava .	do_dative_to_pp_dative	monkey ( 13 ) ; cake ( 24 ) ; Ava ( 37 ) ; teleport ( 19 ) AND theme ( 19 , 24 ) AND recipient ( 19 , 37 ) AND agent ( 19 , 13 )
48	The dog teleported a cookie on a table to Harper .	do_dative_to_pp_dative	* dog ( 12 ) ; cookie ( 19 ) ; * table ( 23 ) ; Harper ( 31 ) ; teleport ( 6 ) AND agent ( 6 , 12 ) AND theme ( 6 , 19 ) AND nmod . on ( 19 , 23 ) AND recipient ( 6 , 31 )
49	Liam teleported the cookie in a car to a boy .	do_dative_to_pp_dative	Liam ( 23 ) ; cookie ( 14 ) ; * car ( 9 ) ; * boy ( 31 ) ; nmod . in ( 14 , 9 ) AND teleport ( 37 ) AND agent ( 37 , 23 ) AND theme ( 37 , 14 ) AND recipient ( 37 , 31 )
50	Liam teleported the box beside the stage to a tourist .	do_dative_to_pp_dative	Liam ( 23 ) ; * box ( 17 ) ; * stage ( 8 ) ; tourist ( 14 ) ; nmod . beside ( 17 , 8 ) AND teleport ( 29 ) AND agent ( 29 , 23 ) AND theme ( 29 , 17 ) AND recipient ( 29 , 14 )
51	Sophia teleported the cake on a table to a girl .	do_dative_to_pp_dative	Sophia ( 19 ) ; cake ( 8 ) ; table ( 14 ) ; girl ( 27 ) ; teleport ( 36 ) AND theme ( 36 , 8 ) AND nmod . on ( 8 , 14 ) AND recipient ( 36 , 27 )
52	Julian teleported the cookie beside the table to a girl .	do_dative_to_pp_dative	Julian ( 23 ) ; * cookie ( 14 ) ; * table ( 9 ) ; girl ( 31 ) ; nmod . beside ( 14 , 9 ) AND teleport ( 36 ) AND agent ( 36 , 23 ) AND theme ( 36 , 14 ) AND recipient ( 36 , 31 )
53	Emma teleported the potato beside the stool to the girl .	do_dative_to_pp_dative	Emma ( 12 ) ; * potato ( 29 ) ; * stool ( 17 ) ; * girl ( 41 ) ; nmod . beside ( 29 , 17 ) AND nmod . to ( 29 , 41 ) AND teleport ( 6 ) AND agent ( 6 , 12 ) AND theme ( 6 , 29 )
54	The lawyer hoped that the tourist believed that Ava teleported the cake beside the table to the girl .	do_dative_to_pp_dative	* lawyer ( 23 ) ; * tourist ( 45 ) ; * Ava ( 56 ) ; * cake ( 34 ) ; * table ( 12 ) ; * girl ( 19 ) ; hope ( 5 ) AND agent ( 5 , 23 ) AND ccomp ( 5 , 27 ) AND believe ( 27 ) AND agent ( 27 , 45 ) AND ccomp ( 27 , 46 ) AND teleport ( 46 ) AND theme ( 46 , 34 ) AND nmod . beside ( 46 , 12 ) AND nmod . to ( 46 , 19 )
55	Emma teleported the donut to Benjamin .	do_dative_to_pp_dative	Emma ( 12 ) ; * donut ( 29 ) ; Benjamin ( 41 ) ; teleport ( 6 ) AND agent ( 6 , 12 ) AND theme ( 6 , 29 ) AND recipient ( 6 , 41 )
56	Luna teleported a cake to Sophia .	do_dative_to_pp_dative	Luna ( 23 ) ; cake ( 14 ) ; Sophia ( 9 ) ; teleport ( 37 ) AND theme ( 37 , 14 ) AND recipient ( 37 , 9 )
57	The boy teleported a newspaper beside a road to the mouse .	do_dative_to_pp_dative	* boy ( 23 ) ; * newspaper ( 14 ) ; * road ( 37 ) ; * mouse ( 45 ) ; nmod . beside ( 14 , 37 ) AND nmod . to ( 14 , 45 ) AND teleport ( 29 ) AND agent ( 29 , 23 ) AND theme ( 29 , 14 )
58	Emma teleported the cake in a room to the boy .	do_dative_to_pp_dative	Emma ( 23 ) ; * cake ( 17 ) ; * room ( 8 ) ; * boy ( 39 ) ; nmod . in ( 17 , 8 ) AND teleport ( 56 ) AND agent ( 56 , 23 ) AND theme ( 56 , 17 ) AND recipient ( 56 , 39 )
59	Liam teleported the raisin to a baby .	do_dative_to_pp_dative	Liam ( 23 ) ; raisin ( 14 ) ; baby ( 8 ) ; teleport ( 37 ) AND theme ( 37 , 14 ) AND recipient ( 37 , 8 )
60	A cat baked a girl on the desk .	obj_omitted_transitive_to_transitive	cat ( 12 ) ; girl ( 23 ) ; * desk ( 7 ) ; bake ( 19 ) AND agent ( 19 , 12 ) AND theme ( 19 , 23 ) AND nmod . on ( 19 , 7 )
61	Natalie respected that the girl baked the box .	obj_omitted_transitive_to_transitive	Natalie ( 29 ) ; * girl ( 18 ) ; * box ( 6 ) ; respect ( 41 ) AND agent ( 41 , 29 ) AND ccomp ( 41 , 47 ) AND bake ( 47 ) AND theme ( 47 , 18 ) AND agent ( 47 , 18 )
62	Emma baked the cookie .	obj_omitted_transitive_to_transitive	Emma ( 12 ) ; cookie ( 7 ) ; bake ( 19 ) AND agent ( 19 , 12 ) AND theme ( 19 , 7 )
63	A sailor baked a cake .	obj_omitted_transitive_to_transitive	sailor ( 13 ) ; cake ( 7 ) ; bake ( 19 ) AND agent ( 19 , 13 ) AND theme ( 19 , 7 )
64	Jackson baked Jayden .	obj_omitted_transitive_to_transitive	* Jackson ( 23 ) ; Jayden ( 12 ) ; bake ( 45 ) AND agent ( 45 , 23 ) AND theme ( 45 , 12 )
65	Liam baked a girl on a table .	obj_omitted_transitive_to_transitive	* Liam ( 23 ) ; girl ( 17 ) ; * table ( 8 ) ; bake ( 14 ) AND agent ( 14 , 23 ) AND theme ( 14 , 17 ) AND nmod . on ( 14 , 8 )
66	Emma baked Christopher .	obj_omitted_transitive_to_transitive	Emma ( 23 ) ; Christopher ( 12 ) ; bake ( 56 ) AND agent ( 56 , 23 ) AND theme ( 56 , 12 )
67	The cat baked the frog on the table .	obj_omitted_transitive_to_transitive	* cat ( 12 ) ; * frog ( 29 ) ; * table ( 7 ) ; nmod . on ( 29 , 7 ) AND bake ( 42 ) AND agent ( 42 , 12 ) AND theme ( 42 , 29 )
68	Emma baked the drink beside the stool .	obj_omitted_transitive_to_transitive	Emma ( 23 ) ; * drink ( 8 ) ; * stool ( 14 ) ; nmod . beside ( 8 , 14 ) AND bake ( 56 ) AND agent ( 56 , 23 ) AND theme ( 56 , 8 )
69	Emma baked Hannah .	obj_omitted_transitive_to_transitive	Emma ( 12 ) ; Hannah ( 23 ) ; bake ( 34 ) AND agent ( 34 , 12 ) AND theme ( 34 , 23 )
70	Olivia baked the tool beside the table .	obj_omitted_transitive_to_transitive	Olivia ( 23 ) ; * tool ( 14 ) ; * table ( 8 ) ; nmod . beside ( 14 , 8 ) AND bake ( 36 ) AND agent ( 36 , 23 ) AND theme ( 36 , 14 )
71	A girl baked the boy in the trap .	obj_omitted_transitive_to_transitive	* girl ( 26 ) ; * boy ( 13 ) ; * trap ( 39 ) ; bake ( 47 ) AND agent ( 47 , 26 ) AND theme ( 47 , 13 ) AND nmod . in ( 47 , 39 )
72	A girl liked that the patient baked a donut on a windowsill .	obj_omitted_transitive_to_transitive	girl ( 13 ) ; patient ( 27 ) ; * donut ( 19 ) ; * windowsill ( 33 ) ; like ( 6 ) AND agent ( 6 , 13 ) AND ccomp ( 6 , 11 ) AND bake ( 11 ) AND theme ( 11 , 19 ) AND agent ( 11 , 27 ) AND nmod . on ( 11 , 33 )
73	Benjamin hoped that a teacher baked the boy .	obj_omitted_transitive_to_transitive	Benjamin ( 23 ) ; teacher ( 14 ) ; boy ( 6 ) ; hope ( 37 ) AND agent ( 37 , 23 ) AND ccomp ( 37 , 46 ) AND bake ( 46 ) AND theme ( 46 , 6 ) AND agent ( 46 , 14 )
74	Aiden baked Liam .	obj_omitted_transitive_to_transitive	Aiden ( 12 ) ; Liam ( 23 ) ; bake ( 45 ) AND agent ( 45 , 12 ) AND theme ( 45 , 23 )
75	The frog baked a cake .	obj_omitted_transitive_to_transitive	* frog ( 11 ) ; cake ( 23 ) ; bake ( 34 ) AND agent ( 34 , 11 ) AND theme ( 34 , 23 )
76	Emma baked the donut beside a table .	obj_omitted_transitive_to_transitive	Emma ( 23 ) ; * donut ( 17 ) ; * table ( 8 ) ; nmod . beside ( 17 , 8 ) AND bake ( 56 ) AND agent ( 56 , 23 ) AND theme ( 56 , 17 )
77	Carter baked Emma .	obj_omitted_transitive_to_transitive	Carter ( 12 ) ; Emma ( 23 ) ; bake ( 45 ) AND agent ( 45 , 12 ) AND theme ( 45 , 23 )
78	The president baked a cake in a vehicle .	obj_omitted_transitive_to_transitive	* president ( 23 ) ; * cake ( 12 ) ; * vehicle ( 7 ) ; nmod . in ( 12 , 7 ) AND bake ( 34 ) AND agent ( 34 , 23 ) AND theme ( 34 , 12 )
79	The spokesman baked a pig .	obj_omitted_transitive_to_transitive	* spokesman ( 23 ) ; * pig ( 12 ) ; bake ( 45 ) AND agent ( 45 , 23 ) AND theme ( 45 , 12 )
80	A strawberry beside a machine was thrown by a lion on a box .	obj_pp_to_subj_pp	strawberry ( 13 ) ; machine ( 8 ) ; lion ( 19 ) ; * box ( 23 ) ; nmod . beside ( 13 , 8 ) AND throw ( 17 ) AND theme ( 17 , 13 ) AND agent ( 17 , 19 ) AND nmod . on ( 17 , 23 )
81	The boy on a towel gave the frog the cake on a booklet .	obj_pp_to_subj_pp	* boy ( 4 ) ; towel ( 12 ) ; frog ( 19 ) ; cake ( 27 ) ; booklet ( 31 ) ; give ( 36 ) AND theme ( 36 , 4 ) AND nmod . on ( 4 , 12 ) AND recipient ( 36 , 19 ) AND theme ( 36 , 27 ) AND nmod . on ( 27 , 31 )
82	The bird in a box was awarded a ball by the girl beside the machine .	obj_pp_to_subj_pp	* bird ( 19 ) ; * box ( 8 ) ; ball ( 31 ) ; girl ( 41 ) ; * machine ( 23 ) ; nmod . in ( 19 , 8 ) AND nmod . beside ( 41 , 23 ) AND award ( 54 ) AND theme ( 54 , 19 ) AND recipient ( 54 , 31 ) AND agent ( 54 , 41 )
83	A producer on a table was given the pumpkin beside a cabinet .	obj_pp_to_subj_pp	producer ( 7 ) ; table ( 13 ) ; pumpkin ( 19 ) ; cabinet ( 23 ) ; nmod . on ( 7 , 13 ) AND nmod . beside ( 19 , 23 ) AND give ( 31 ) AND theme ( 31 , 7 ) AND recipient ( 31 , 19 )
84	The friend in a house beside a stage needed to sneeze .	obj_pp_to_subj_pp	* friend ( 17 ) ; * house ( 23 ) ; * stage ( 8 ) ; nmod . in ( 17 , 23 ) AND nmod . beside ( 17 , 8 ) AND need ( 34 ) AND agent ( 34 , 17 ) AND sneeze ( 34 )
85	The cake on the bed was rolled by the girl in a tin .	obj_pp_to_subj_pp	* cake ( 12 ) ; * bed ( 19 ) ; * girl ( 27 ) ; * tin ( 34 ) ; nmod . on ( 12 , 19 ) AND nmod . in ( 27 , 34 ) AND roll ( 43 ) AND theme ( 43 , 12 ) AND agent ( 43 , 27 )
86	The boy in a bush liked Ryan .	obj_pp_to_subj_pp	* boy ( 13 ) ; * bush ( 27 ) ; Ryan ( 36 ) ; nmod . in ( 13 , 27 ) AND like ( 44 ) AND agent ( 44 , 13 ) AND theme ( 44 , 36 )
87	The basket on the keyboard was eaten .	obj_pp_to_subj_pp	* basket ( 12 ) ; * keyboard ( 7 ) ; nmod . on ( 12 , 7 ) AND eat ( 19 ) AND theme ( 19 , 12 )
88	The chief beside the skull rolled Grace .	obj_pp_to_subj_pp	* chief ( 23 ) ; * skull ( 17 ) ; Grace ( 29 ) ; nmod . beside ( 23 , 17 ) AND roll ( 36 ) AND agent ( 36 , 23 ) AND theme ( 36 , 29 )
89	The duck beside a table was served the flag .	obj_pp_to_subj_pp	* duck ( 12 ) ; * table ( 19 ) ; flag ( 31 ) ; nmod . beside ( 12 , 19 ) AND serve ( 27 ) AND theme ( 27 , 31 ) AND recipient ( 27 , 12 )
90	The moose on the computer liked James .	obj_pp_to_subj_pp	* moose ( 12 ) ; * computer ( 7 ) ; James ( 19 ) ; nmod . on ( 12 , 7 ) AND like ( 14 ) AND agent ( 14 , 12 ) AND theme ( 14 , 19 )
91	The boy beside a yacht cleaned .	obj_pp_to_subj_pp	* boy ( 12 ) ; yacht ( 19 ) ; nmod . beside ( 12 , 19 ) AND clean ( 27 ) AND theme ( 27 , 12 )
92	A cat on the computer noticed that the teacher beside the book valued the boy .	obj_pp_to_subj_pp	cat ( 7 ) ; * computer ( 12 ) ; notice ( 19 ) AND nmod . on ( 7 , 12 ) AND agent ( 19 , 7 ) AND theme ( 19 , 12 ) AND teacher ( 31 ) ; * book ( 26 ) ; value ( 38 ) AND nmod . beside ( 31 , 26 ) AND agent ( 38 , 31 ) AND theme ( 38 , 53 ) AND boy ( 53 )
93	The cake on a bed was rolled .	obj_pp_to_subj_pp	* cake ( 12 ) ; * bed ( 19 ) ; nmod . on ( 12 , 19 ) AND roll ( 27 ) AND theme ( 27 , 12 )
94	The cookie beside a bed was disintegrated by a father in the cupboard .	obj_pp_to_subj_pp	* cookie ( 12 ) ; * bed ( 19 ) ; disintegrate ( 33 ) AND theme ( 33 , 12 ) AND nmod . beside ( 12 , 19 ) AND father ( 27 ) ; * cupboard ( 41 ) ; nmod . in ( 27 , 41 )
95	A rose beside a table was eaten by a king in the house .	obj_pp_to_subj_pp	* rose ( 19 ) ; * table ( 27 ) ; king ( 36 ) ; * house ( 43 ) ; nmod . beside ( 19 , 27 ) AND eat ( 54 ) AND theme ( 54 , 19 ) AND agent ( 54 , 36 ) AND nmod . in ( 54 , 43 )
96	The cake in the room was seen .	obj_pp_to_subj_pp	* cake ( 12 ) ; * room ( 19 ) ; nmod . in ( 12 , 19 ) AND see ( 27 ) AND theme ( 27 , 12 )
97	A girl in the house forwarded Victoria a gumball in the shoe .	obj_pp_to_subj_pp	girl ( 7 ) ; * house ( 12 ) ; Victoria ( 19 ) ; * gumball ( 23 ) ; * shoe ( 31 ) ; nmod . in ( 7 , 12 ) AND nmod . in ( 23 , 31 ) AND forward ( 15 ) AND agent ( 15 , 7 ) AND theme ( 15 , 23 ) AND recipient ( 15 , 19 ) AND nmod . in ( 15 , 31 )
98	The raisin beside the table was valued by a bear beside a stage .	obj_pp_to_subj_pp	* raisin ( 19 ) ; * table ( 8 ) ; bear ( 31 ) ; * stage ( 27 ) ; nmod . beside ( 19 , 8 ) AND value ( 44 ) AND agent ( 44 , 31 ) AND theme ( 44 , 19 ) AND nmod . beside ( 44 , 27 )
99	A horse in the house was given the hammer beside a bed .	obj_pp_to_subj_pp	horse ( 17 ) ; * house ( 23 ) ; hammer ( 8 ) ; * bed ( 14 ) ; nmod . in ( 17 , 23 ) AND nmod . beside ( 8 , 14 ) AND give ( 29 ) AND theme ( 29 , 17 ) AND recipient ( 29 , 8 )
100	A cockroach cleaned the cookie on a sock .	obj_to_subj_common	cockroach ( 13 ) ; * cookie ( 7 ) ; * sock ( 19 ) ; nmod . on ( 7 , 19 ) AND clean ( 24 ) AND agent ( 24 , 13 ) AND theme ( 24 , 7 )
101	The cockroach slid a guest .	obj_to_subj_common	* cockroach ( 25 ) ; * guest ( 33 ) ; slide ( 6 ) AND agent ( 6 , 25 ) AND theme ( 6 , 33 )
102	The cockroach lended the girl the cake .	obj_to_subj_common	* cockroach ( 29 ) ; girl ( 13 ) ; cake ( 42 ) ; lend ( 6 ) AND agent ( 6 , 29 ) AND recipient ( 6 , 13 ) AND theme ( 6 , 42 )
103	A cockroach burned the sandwich .	obj_to_subj_common	cockroach ( 13 ) ; sandwich ( 29 ) ; burn ( 6 ) AND agent ( 6 , 13 ) AND theme ( 6 , 29 )
104	The cockroach lended the child a cake .	obj_to_subj_common	* cockroach ( 29 ) ; child ( 13 ) ; cake ( 24 ) ; lend ( 6 ) AND agent ( 6 , 29 ) AND recipient ( 6 , 13 ) AND theme ( 6 , 24 )
105	The cockroach split Isabella .	obj_to_subj_common	* cockroach ( 12 ) ; Isabella ( 23 ) ; split ( 34 ) AND theme ( 34 , 12 ) AND agent ( 34 , 23 )
106	A cockroach fed the girl the cake .	obj_to_subj_common	cockroach ( 16 ) ; girl ( 23 ) ; cake ( 9 ) ; feed ( 36 ) AND agent ( 36 , 16 ) AND recipient ( 36 , 23 ) AND theme ( 36 , 9 )
107	William hoped that a cockroach ate .	obj_to_subj_common	William ( 12 ) ; cockroach ( 23 ) ; hope ( 5 ) AND agent ( 5 , 12 ) AND ccomp ( 5 , 18 ) AND eat ( 18 ) AND agent ( 18 , 23 )
108	A cockroach observed .	obj_to_subj_common	cockroach ( 12 ) ; observe ( 6 ) AND agent ( 6 , 12 )
109	The cockroach passed a judge the donut on the stage .	obj_to_subj_common	* cockroach ( 25 ) ; judge ( 13 ) ; * donut ( 6 ) ; * stage ( 19 ) ; nmod . on ( 6 , 19 ) AND pass ( 36 ) AND agent ( 36 , 25 ) AND recipient ( 36 , 13 ) AND theme ( 36 , 6 )
110	A girl hoped that the cockroach gave a cake beside the bed to a cat .	obj_to_subj_common	girl ( 13 ) ; cockroach ( 27 ) ; cake ( 36 ) ; * bed ( 42 ) ; cat ( 49 ) ; hope ( 6 ) AND agent ( 6 , 13 ) AND ccomp ( 6 , 18 ) AND give ( 18 ) AND theme ( 18 , 36 ) AND nmod . beside ( 18 , 42 ) AND recipient ( 18 , 49 ) AND agent ( 18 , 27 )
111	A cockroach liked the cake .	obj_to_subj_common	cockroach ( 12 ) ; cake ( 7 ) ; like ( 19 ) AND agent ( 19 , 12 ) AND theme ( 19 , 7 )
112	The cockroach lended Charlotte the cookie .	obj_to_subj_common	* cockroach ( 19 ) ; Charlotte ( 33 ) ; cookie ( 26 ) ; lend ( 7 ) AND agent ( 7 , 19 ) AND recipient ( 7 , 33 ) AND theme ( 7 , 26 )
113	The cockroach passed Emma a cake .	obj_to_subj_common	* cockroach ( 19 ) ; Emma ( 31 ) ; cake ( 8 ) ; pass ( 56 ) AND agent ( 56 , 19 ) AND recipient ( 56 , 31 ) AND theme ( 56 , 8 )
114	The cockroach studied .	obj_to_subj_common	* cockroach ( 12 ) ; study ( 6 ) AND agent ( 6 , 12 )
115	A cockroach painted Lucas .	obj_to_subj_common	cockroach ( 13 ) ; Lucas ( 27 ) ; paint ( 19 ) AND agent ( 19 , 13 ) AND theme ( 19 , 27 )
116	Nora said that the cockroach painted the box on a table .	obj_to_subj_common	Nora ( 29 ) ; cockroach ( 13 ) ; * box ( 6 ) ; * table ( 19 ) ; say ( 36 ) AND agent ( 36 , 29 ) AND ccomp ( 36 , 44 ) AND paint ( 44 ) AND theme ( 44 , 6 ) AND nmod . on ( 44 , 19 ) AND agent ( 44 , 13 )
117	Emma liked that the cockroach ate .	obj_to_subj_common	Emma ( 23 ) ; cockroach ( 12 ) ; like ( 5 ) AND agent ( 5 , 23 ) AND ccomp ( 5 , 18 ) AND eat ( 18 ) AND agent ( 18 , 12 )
118	A cockroach liked a strawberry on the mattress .	obj_to_subj_common	cockroach ( 12 ) ; strawberry ( 7 ) ; * mattress ( 19 ) ; nmod . on ( 7 , 19 ) AND like ( 14 ) AND agent ( 14 , 12 ) AND theme ( 14 , 7 )
119	The girl said that the cockroach dreamed to read .	obj_to_subj_common	* girl ( 12 ) ; cockroach ( 23 ) ; dream ( 34 ) ; read ( 45 ) ; say ( 5 ) AND agent ( 5 , 12 ) AND ccomp ( 5 , 18 ) AND dream ( 18 ) AND theme ( 18 , 23 ) AND xcomp ( 18 , 45)
120	Charlie offered a flag beside a trophy to Liam .	obj_to_subj_proper	Charlie ( 23 ) ; flag ( 14 ) ; trophy ( 37 ) ; Liam ( 45 ) ; * beside ( 14 , 37 ) AND offer ( 6 ) AND agent ( 6 , 23 ) AND theme ( 6 , 14 ) AND recipient ( 6 , 45 )
121	Charlie studied a shell in the house .	obj_to_subj_proper	* Charlie ( 23 ) ; shell ( 17 ) ; * house ( 8 ) ; nmod . in ( 17 , 8 ) AND study ( 14 ) AND agent ( 14 , 23 ) AND theme ( 14 , 17 )
122	Charlie rolled the doll .	obj_to_subj_proper	Charlie ( 23 ) ; doll ( 12 ) ; roll ( 45 ) AND agent ( 45 , 23 ) AND theme ( 45 , 12 )
123	Charlie helped a donut on the table .	obj_to_subj_proper	Charlie ( 23 ) ; * donut ( 17 ) ; * table ( 8 ) ; nmod . on ( 17 , 8 ) AND help ( 14 ) AND agent ( 14 , 23 ) AND theme ( 14 , 17 )
124	Charlie ate the cookie on a table .	obj_to_subj_proper	Charlie ( 12 ) ; * cookie ( 7 ) ; * table ( 19 ) ; nmod . on ( 7 , 19 ) AND eat ( 26 ) AND agent ( 26 , 12 ) AND theme ( 26 , 7 )
125	Charlie gave the cake on a seat to the girl .	obj_to_subj_proper	* Charlie ( 23 ) ; * cake ( 12 ) ; * seat ( 19 ) ; girl ( 7 ) ; nmod . on ( 12 , 19 ) AND give ( 31 ) AND theme ( 31 , 12 ) AND recipient ( 31 , 7 )
126	Charlie inflated Lily .	obj_to_subj_proper	Charlie ( 12 ) ; Lily ( 23 ) ; inflate ( 45 ) AND agent ( 45 , 12 ) AND theme ( 45 , 23 )
127	Charlie gave a cookie to a girl .	obj_to_subj_proper	Charlie ( 12 ) ; cookie ( 23 ) ; girl ( 7 ) ; give ( 34 ) AND theme ( 34 , 23 ) AND recipient ( 34 , 7 )
128	Charlie ate the girl on a stage .	obj_to_subj_proper	* Charlie ( 23 ) ; * girl ( 12 ) ; * stage ( 45 ) ; nmod . on ( 12 , 45 ) AND eat ( 34 ) AND agent ( 34 , 23 ) AND theme ( 34 , 12 )
129	Charlie offered Savannah the cake on a bed .	obj_to_subj_proper	Charlie ( 23 ) ; Savannah ( 14 ) ; cake ( 8 ) ; * bed ( 19 ) ; nmod . on ( 8 , 19 ) AND offer ( 27 ) AND agent ( 27 , 23 ) AND recipient ( 27 , 14 ) AND theme ( 27 , 8 )
130	Charlie rolled Isabella .	obj_to_subj_proper	Charlie ( 12 ) ; Isabella ( 23 ) ; roll ( 45 ) AND agent ( 45 , 12 ) AND theme ( 45 , 23 )
131	Charlie liked Harper .	obj_to_subj_proper	Charlie ( 23 ) ; Harper ( 12 ) ; like ( 45 ) AND agent ( 45 , 23 ) AND theme ( 45 , 12 )
132	Charlie liked the crystal in a car .	obj_to_subj_proper	Charlie ( 23 ) ; * crystal ( 14 ) ; * car ( 9 ) ; nmod . in ( 14 , 9 ) AND like ( 27 ) AND agent ( 27 , 23 ) AND theme ( 27 , 14 )
133	Charlie fed the zebra the nail .	obj_to_subj_proper	* Charlie ( 23 ) ; zebra ( 14 ) ; nail ( 6 ) ; feed ( 9 ) AND agent ( 9 , 23 ) AND recipient ( 9 , 14 ) AND theme ( 9 , 6 )
134	Charlie gave the puppy the chemical .	obj_to_subj_proper	* Charlie ( 23 ) ; * puppy ( 12 ) ; * chemical ( 7 ) ; give ( 34 ) AND agent ( 34 , 23 ) AND theme ( 34 , 7 ) AND recipient ( 34 , 12 )
135	Thomas said that Charlie ate the cookie .	obj_to_subj_proper	Thomas ( 23 ) ; Charlie ( 32 ) ; cookie ( 14 ) ; say ( 6 ) AND agent ( 6 , 23 ) AND ccomp ( 6 , 41 ) AND eat ( 41 ) AND theme ( 41 , 14 ) AND agent ( 41 , 32 )
136	Charlie inflated the cake on a table .	obj_to_subj_proper	Charlie ( 23 ) ; * cake ( 17 ) ; * table ( 8 ) ; nmod . on ( 17 , 8 ) AND inflate ( 45 ) AND agent ( 45 , 23 ) AND theme ( 45 , 17 )
137	Charlie sketched the girl in the car .	obj_to_subj_proper	Charlie ( 23 ) ; * girl ( 17 ) ; * car ( 8 ) ; nmod . in ( 17 , 8 ) AND sketch ( 14 ) AND agent ( 14 , 23 ) AND theme ( 14 , 17 )
138	Charlie painted a girl beside a table .	obj_to_subj_proper	Charlie ( 23 ) ; girl ( 17 ) ; * table ( 8 ) ; nmod . beside ( 17 , 8 ) AND paint ( 14 ) AND agent ( 14 , 23 ) AND theme ( 14 , 17 )
139	Charlie helped a cake beside a beast .	obj_to_subj_proper	* Charlie ( 23 ) ; cake ( 17 ) ; * beast ( 8 ) ; nmod . beside ( 17 , 8 ) AND help ( 14 ) AND agent ( 14 , 23 ) AND theme ( 14 , 17 )
140	A coach liked that the cobra rolled .	only_seen_as_transitive_subj_as_unacc_subj	coach ( 13 ) ; cobra ( 27 ) ; like ( 6 ) AND agent ( 6 , 13 ) AND ccomp ( 6 , 19 ) AND roll ( 19 ) AND theme ( 19 , 27 )
141	Emma declared that a cobra split .	only_seen_as_transitive_subj_as_unacc_subj	Emma ( 23 ) ; cobra ( 14 ) ; split ( 6 ) AND theme ( 6 , 14 ) AND agent ( 6 , 23 )
142	Lily wished that the cobra floated .	only_seen_as_transitive_subj_as_unacc_subj	Lily ( 23 ) ; * cobra ( 12 ) ; wish ( 5 ) AND agent ( 5 , 23 ) AND ccomp ( 5 , 18 ) AND float ( 18 ) AND theme ( 18 , 12 )
143	Amelia supported that the cobra rolled .	only_seen_as_transitive_subj_as_unacc_subj	Amelia ( 12 ) ; * cobra ( 29 ) ; support ( 6 ) AND agent ( 6 , 12 ) AND ccomp ( 6 , 19 ) AND roll ( 19 ) AND theme ( 19 , 29 )
144	Emily confessed that a cobra burned .	only_seen_as_transitive_subj_as_unacc_subj	Emily ( 12 ) ; cobra ( 23 ) ; confess ( 5 ) AND agent ( 5 , 12 ) AND ccomp ( 5 , 18 ) AND burn ( 18 ) AND theme ( 18 , 23 )
145	The dog tolerated that the cobra rolled .	only_seen_as_transitive_subj_as_unacc_subj	* dog ( 12 ) ; cobra ( 23 ) ; tolerate ( 34 ) AND agent ( 34 , 12 ) AND ccomp ( 34 , 45 ) AND roll ( 45 ) AND agent ( 45 , 23 )
146	Ella dreamed that the cobra slid .	only_seen_as_transitive_subj_as_unacc_subj	Ella ( 23 ) ; * cobra ( 12 ) ; dream ( 45 ) AND agent ( 45 , 23 ) AND ccomp ( 45 , 18 ) AND slide ( 18 ) AND theme ( 18 , 12 )
147	A girl respected that the cobra rolled .	only_seen_as_transitive_subj_as_unacc_subj	girl ( 13 ) ; cobra ( 27 ) ; roll ( 19 ) AND agent ( 19 , 27 ) AND theme ( 19 , 27 ) AND respect ( 6 ) AND agent ( 6 , 13 ) AND ccomp ( 6 , 19 )
148	Elijah wished that the cobra froze .	only_seen_as_transitive_subj_as_unacc_subj	Elijah ( 23 ) ; * cobra ( 12 ) ; wish ( 45 ) AND agent ( 45 , 23 ) AND ccomp ( 45 , 27 ) AND freeze ( 27 ) AND theme ( 27 , 12 )
149	A governor believed that a cobra burned .	only_seen_as_transitive_subj_as_unacc_subj	governor ( 12 ) ; cobra ( 7 ) ; believe ( 19 ) AND agent ( 19 , 12 ) AND ccomp ( 19 , 27 ) AND burn ( 27 ) AND theme ( 27 , 7 )
150	The coach liked that the cobra froze .	only_seen_as_transitive_subj_as_unacc_subj	* coach ( 23 ) ; cobra ( 14 ) ; like ( 37 ) AND agent ( 37 , 23 ) AND ccomp ( 37 , 46 ) AND freeze ( 46 ) AND theme ( 46 , 14 )
151	The girl liked that a cobra froze .	only_seen_as_transitive_subj_as_unacc_subj	* girl ( 23 ) ; cobra ( 12 ) ; like ( 45 ) AND agent ( 45 , 23 ) AND ccomp ( 45 , 29 ) AND freeze ( 29 ) AND theme ( 29 , 12 )
152	A cobra burned .	only_seen_as_transitive_subj_as_unacc_subj	cobra ( 12 ) ; burn ( 34 ) AND agent ( 34 , 12 )
153	Olivia hoped that a cobra froze .	only_seen_as_transitive_subj_as_unacc_subj	Olivia ( 23 ) ; cobra ( 14 ) ; hope ( 5 ) AND agent ( 5 , 23 ) AND ccomp ( 5 , 18 ) AND freeze ( 18 ) AND theme ( 18 , 14 )
154	A girl liked that a cobra burned .	only_seen_as_transitive_subj_as_unacc_subj	girl ( 13 ) ; cobra ( 27 ) ; like ( 19 ) AND agent ( 19 , 13 ) AND ccomp ( 19 , 33 ) AND burn ( 33 ) AND theme ( 33 , 27 )
155	Savannah liked that a cobra burned .	only_seen_as_transitive_subj_as_unacc_subj	Savannah ( 23 ) ; cobra ( 12 ) ; like ( 5 ) AND agent ( 5 , 23 ) AND ccomp ( 5 , 18 ) AND burn ( 18 ) AND theme ( 18 , 12 )
156	Emma admired that a cobra decomposed .	only_seen_as_transitive_subj_as_unacc_subj	Emma ( 12 ) ; cobra ( 23 ) ; admire ( 5 ) AND agent ( 5 , 12 ) AND ccomp ( 5 , 18 ) AND decompose ( 18 ) AND theme ( 18 , 23 )
157	Emma said that a cobra froze .	only_seen_as_transitive_subj_as_unacc_subj	Emma ( 10 ) ; cobra ( 24 ) ; freeze ( 37 ) ; say ( 19 ) AND agent ( 19 , 10 ) AND ccomp ( 19 , 29 ) AND freeze ( 29 ) AND theme ( 29 , 24 )
158	A girl supported that a cobra collapsed .	only_seen_as_transitive_subj_as_unacc_subj	girl ( 13 ) ; cobra ( 27 ) ; support ( 19 ) AND agent ( 19 , 13 ) AND ccomp ( 19 , 36 ) AND collapse ( 36 ) AND theme ( 36 , 27 )
159	Liam noticed that a cobra froze .	only_seen_as_transitive_subj_as_unacc_subj	Liam ( 23 ) ; cobra ( 12 ) ; freeze ( 45 ) ; notice ( 34 ) AND agent ( 34 , 23 ) AND ccomp ( 34 , 56 ) AND freeze ( 56 ) AND theme ( 56 , 12 )
160	Claire hoped that the hippo drew .	only_seen_as_unacc_subj_as_obj_omitted_transitive_subj	Claire ( 23 ) ; * hippo ( 12 ) ; hope ( 5 ) AND agent ( 5 , 23 ) AND ccomp ( 5 , 18 ) AND draw ( 18 ) AND agent ( 18 , 12 )
161	A girl said that the hippo sketched .	only_seen_as_unacc_subj_as_obj_omitted_transitive_subj	girl ( 13 ) ; * hippo ( 27 ) ; say ( 19 ) AND agent ( 19 , 13 ) AND ccomp ( 19 , 36 ) AND sketch ( 36 ) AND theme ( 36 , 27)
162	A baby hoped that a hippo sketched .	only_seen_as_unacc_subj_as_obj_omitted_transitive_subj	baby ( 13 ) ; hippo ( 27 ) ; hope ( 19 ) AND agent ( 19 , 13 ) AND ccomp ( 19 , 36 ) AND sketch ( 36 ) AND agent ( 36 , 27 )
163	The cat liked that a hippo called .	only_seen_as_unacc_subj_as_obj_omitted_transitive_subj	* cat ( 12 ) ; hippo ( 23 ) ; like ( 34 ) AND agent ( 34 , 12 ) AND ccomp ( 34 , 45 ) AND call ( 45 ) AND agent ( 45 , 23 )
164	A puppy noticed that a hippo painted .	only_seen_as_unacc_subj_as_obj_omitted_transitive_subj	puppy ( 12 ) ; hippo ( 29 ) ; notice ( 6 ) AND agent ( 6 , 12 ) AND ccomp ( 6 , 18 ) AND paint ( 18 ) AND agent ( 18 , 29 )
165	The hero imagined that a hippo cooked .	only_seen_as_unacc_subj_as_obj_omitted_transitive_subj	* hero ( 23 ) ; hippo ( 14 ) ; cook ( 6 ) AND agent ( 6 , 14 ) AND ccomp ( 6 , 48 ) AND imagine ( 48 ) AND agent ( 48 , 23 )
166	Emma admired that a hippo packed .	only_seen_as_unacc_subj_as_obj_omitted_transitive_subj	Emma ( 23 ) ; hippo ( 12 ) ; admire ( 5 ) AND agent ( 5 , 23 ) AND ccomp ( 5 , 18 ) AND pack ( 18 ) AND agent ( 18 , 12 )
167	The journalist believed that the hippo ate .	only_seen_as_unacc_subj_as_obj_omitted_transitive_subj	* journalist ( 23 ) ; * hippo ( 12 ) ; believe ( 45 ) AND agent ( 45 , 23 ) AND ccomp ( 45 , 27 ) AND eat ( 27 ) AND agent ( 27 , 12 )
168	The child hoped that the hippo investigated .	only_seen_as_unacc_subj_as_obj_omitted_transitive_subj	* child ( 13 ) ; * hippo ( 27 ) ; hope ( 19 ) AND agent ( 19 , 13 ) AND ccomp ( 19 , 33 ) AND investigate ( 33 ) AND agent ( 33 , 27 )
169	The teacher liked that a hippo ate .	only_seen_as_unacc_subj_as_obj_omitted_transitive_subj	* teacher ( 23 ) ; hippo ( 14 ) ; like ( 37 ) AND agent ( 37 , 23 ) AND ccomp ( 37 , 46 ) AND eat ( 46 ) AND agent ( 46 , 14 )
170	Mia wished that the hippo ate .	only_seen_as_unacc_subj_as_obj_omitted_transitive_subj	Mia ( 23 ) ; hippo ( 12 ) ; wish ( 5 ) AND agent ( 5 , 23 ) AND ccomp ( 5 , 18 ) AND eat ( 18 ) AND agent ( 18 , 12 )
171	Olivia dreamed that the hippo ate .	only_seen_as_unacc_subj_as_obj_omitted_transitive_subj	Olivia ( 23 ) ; hippo ( 12 ) ; dream ( 56 ) AND agent ( 56 , 23 ) AND ccomp ( 56 , 44 ) AND eat ( 44 ) AND agent ( 44 , 12 )
172	The boy noticed that a hippo painted .	only_seen_as_unacc_subj_as_obj_omitted_transitive_subj	* boy ( 13 ) ; hippo ( 27 ) ; notice ( 19 ) AND agent ( 19 , 13 ) AND ccomp ( 19 , 36 ) AND paint ( 36 ) AND agent ( 36 , 27 )
173	A hippo juggled .	only_seen_as_unacc_subj_as_obj_omitted_transitive_subj	hippo ( 12 ) ; juggle ( 6 ) AND agent ( 6 , 12 )
174	The boy admired that a hippo ate .	only_seen_as_unacc_subj_as_obj_omitted_transitive_subj	* boy ( 23 ) ; hippo ( 14 ) ; admire ( 37 ) AND agent ( 37 , 23 ) AND ccomp ( 37 , 46 ) AND eat ( 46 ) AND agent ( 46 , 14 )
175	Isabella confessed that a hippo painted .	only_seen_as_unacc_subj_as_obj_omitted_transitive_subj	Isabella ( 23 ) ; hippo ( 14 ) ; paint ( 6 ) AND agent ( 6 , 14 ) AND ccomp ( 6 , 23 ) AND confess ( 37 ) AND agent ( 37 , 23 )
176	Mia said that a hippo packed .	only_seen_as_unacc_subj_as_obj_omitted_transitive_subj	Mia ( 23 ) ; hippo ( 31 ) ; pack ( 14 ) AND agent ( 14 , 31 ) AND say ( 6 ) AND agent ( 6 , 23 ) AND ccomp ( 6 , 14 )
177	Emma liked that a hippo noticed .	only_seen_as_unacc_subj_as_obj_omitted_transitive_subj	Emma ( 23 ) ; hippo ( 12 ) ; like ( 5 ) AND agent ( 5 , 23 ) AND ccomp ( 5 , 18 ) AND notice ( 18 ) AND agent ( 18 , 12 )
178	Noah liked that Liam meant that the hippo packed .	only_seen_as_unacc_subj_as_obj_omitted_transitive_subj	Noah ( 13 ) ; Liam ( 27 ) ; hippo ( 41 ) ; like ( 19 ) AND agent ( 19 , 13 ) AND ccomp ( 19 , 33 ) AND mean ( 33 ) AND agent ( 33 , 27 ) AND ccomp ( 33 , 52 ) AND pack ( 52 ) AND theme ( 52 , 41 )
179	A bird liked that a hippo nursed .	only_seen_as_unacc_subj_as_obj_omitted_transitive_subj	bird ( 12 ) ; hippo ( 23 ) ; like ( 6 ) AND agent ( 6 , 12 ) AND ccomp ( 6 , 18 ) AND nurse ( 18 ) AND agent ( 18 , 23 )
180	Liam liked that the hippo walked .	only_seen_as_unacc_subj_as_unerg_subj	Liam ( 23 ) ; hippo ( 12 ) ; like ( 45 ) AND agent ( 45 , 23 ) AND ccomp ( 45 , 18 ) AND walk ( 18 ) AND theme ( 18 , 12 )
181	A girl proved that a hippo stuttered .	only_seen_as_unacc_subj_as_unerg_subj	girl ( 13 ) ; hippo ( 27 ) ; prove ( 19 ) AND agent ( 19 , 13 ) AND ccomp ( 19 , 36 ) AND stutter ( 36 ) AND theme ( 36 , 27 )
182	A boy noticed that the hippo talked .	only_seen_as_unacc_subj_as_unerg_subj	boy ( 13 ) ; hippo ( 24 ) ; notice ( 7 ) AND agent ( 7 , 13 ) AND ccomp ( 7 , 18 ) AND talk ( 18 ) AND agent ( 18 , 24 )
183	Emma supported that the hippo talked .	only_seen_as_unacc_subj_as_unerg_subj	Emma ( 23 ) ; hippo ( 12 ) ; support ( 56 ) AND agent ( 56 , 23 ) AND ccomp ( 56 , 34 ) AND talk ( 34 ) AND agent ( 34 , 12 )
184	A girl valued that the hippo slept .	only_seen_as_unacc_subj_as_unerg_subj	girl ( 13 ) ; hippo ( 27 ) ; value ( 19 ) AND agent ( 19 , 13 ) AND ccomp ( 19 , 36 ) AND sleep ( 36 ) AND theme ( 36 , 27 )
185	Isabella proved that a hippo sneezed .	only_seen_as_unacc_subj_as_unerg_subj	Isabella ( 23 ) ; hippo ( 12 ) ; sneeze ( 6 ) ; prove ( 45 ) AND agent ( 45 , 23 ) AND ccomp ( 45 , 29 ) AND sneeze ( 29 ) AND agent ( 29 , 12 )
186	Olivia liked that a hippo screamed .	only_seen_as_unacc_subj_as_unerg_subj	Olivia ( 23 ) ; hippo ( 6 ) ; like ( 13 ) AND agent ( 13 , 23 ) AND ccomp ( 13 , 18 ) AND scream ( 18 ) AND theme ( 18 , 6 )
187	A professor believed that a hippo cried .	only_seen_as_unacc_subj_as_unerg_subj	professor ( 12 ) ; hippo ( 7 ) ; cry ( 19 ) ; believe ( 4 ) AND agent ( 4 , 12 ) AND ccomp ( 4 , 14 ) AND cry ( 14 ) AND theme ( 14 , 7 )
188	Emma appreciated that the hippo scoffed .	only_seen_as_unacc_subj_as_unerg_subj	Emma ( 23 ) ; hippo ( 18 ) ; appreciate ( 5 ) AND agent ( 5 , 23 ) AND ccomp ( 5 , 36 ) AND scoff ( 36 ) AND agent ( 36 , 18 )
189	The dog noticed that a hippo ran .	only_seen_as_unacc_subj_as_unerg_subj	* dog ( 12 ) ; hippo ( 23 ) ; run ( 34 ) ; notice ( 45 ) AND agent ( 45 , 12 ) AND ccomp ( 45 , 56 ) AND run ( 56 ) AND agent ( 56 , 23 )
190	Liam said that the hippo sneezed .	only_seen_as_unacc_subj_as_unerg_subj	Liam ( 23 ) ; hippo ( 12 ) ; sneeze ( 45 ) ; say ( 56 ) AND agent ( 56 , 23 ) AND ccomp ( 56 , 34 ) AND sneeze ( 34 ) AND agent ( 34 , 12 )
191	A girl hoped that a hippo slept .	only_seen_as_unacc_subj_as_unerg_subj	girl ( 13 ) ; hippo ( 27 ) ; hope ( 19 ) AND agent ( 19 , 13 ) AND ccomp ( 19 , 33 ) AND sleep ( 33 ) AND theme ( 33 , 27 )
192	A prisoner believed that the hippo slept .	only_seen_as_unacc_subj_as_unerg_subj	prisoner ( 17 ) ; hippo ( 39 ) ; sleep ( 6 ) ; believe ( 13 ) AND agent ( 13 , 17 ) AND ccomp ( 13 , 28 ) AND theme ( 28 , 39 ) AND agent ( 28 , 39 )
193	Noah liked that a hippo smiled .	only_seen_as_unacc_subj_as_unerg_subj	Noah ( 23 ) ; hippo ( 12 ) ; smile ( 6 ) ; like ( 45 ) AND agent ( 45 , 23 ) AND ccomp ( 45 , 18 ) AND smile ( 18 ) AND agent ( 18 , 12 )
194	The girl expected that a hippo snoozed .	only_seen_as_unacc_subj_as_unerg_subj	* girl ( 23 ) ; hippo ( 12 ) ; expect ( 45 ) AND agent ( 45 , 23 ) AND ccomp ( 45 , 29 ) AND snooze ( 29 ) AND theme ( 29 , 12 )
195	A boy appreciated that the hippo slept .	only_seen_as_unacc_subj_as_unerg_subj	boy ( 13 ) ; hippo ( 24 ) ; appreciate ( 37 ) AND agent ( 37 , 13 ) AND ccomp ( 37 , 46 ) AND sleep ( 46 ) AND theme ( 46 , 24 )
196	Jacob noticed that the hippo smiled .	only_seen_as_unacc_subj_as_unerg_subj	Jacob ( 23 ) ; hippo ( 14 ) ; smile ( 37 ) ; notice ( 6 ) AND agent ( 6 , 23 ) AND ccomp ( 6 , 29 ) AND theme ( 29 , 14 ) AND agent ( 29 , 37 )
197	A girl believed that a hippo jogged .	only_seen_as_unacc_subj_as_unerg_subj	girl ( 13 ) ; hippo ( 27 ) ; jog ( 19 ) AND agent ( 19 , 27 ) AND believe ( 6 ) AND agent ( 6 , 13 ) AND ccomp ( 6 , 19 )
198	The doctor liked that a hippo jogged .	only_seen_as_unacc_subj_as_unerg_subj	* doctor ( 23 ) ; hippo ( 14 ) ; like ( 36 ) AND agent ( 36 , 23 ) AND ccomp ( 36 , 48 ) AND jog ( 48 ) AND agent ( 48 , 14 )
199	The dog expected that a hippo slept .	only_seen_as_unacc_subj_as_unerg_subj	* dog ( 12 ) ; hippo ( 23 ) ; expect ( 45 ) AND agent ( 45 , 12 ) AND ccomp ( 45 , 27 ) AND sleep ( 27 ) AND agent ( 27 , 23 )
200	Emma squeezed a donut .	passive_to_active	Emma ( 23 ) ; * donut ( 17 ) ; squeeze ( 6 ) AND agent ( 6 , 23 ) AND theme ( 6 , 17 )
201	Mason liked that Emma squeezed the cake beside a book .	passive_to_active	Mason ( 13 ) ; Emma ( 27 ) ; * cake ( 19 ) ; * book ( 36 ) ; like ( 43 ) AND agent ( 43 , 13 ) AND ccomp ( 43 , 48 ) AND squeeze ( 48 ) AND theme ( 48 , 19 ) AND agent ( 48 , 27 ) AND nmod . beside ( 48 , 36 )
202	Leah meant that Emma squeezed the rose beside the piano .	passive_to_active	Leah ( 23 ) ; Emma ( 31 ) ; * rose ( 14 ) ; * piano ( 19 ) ; nmod . beside ( 14 , 19 ) AND mean ( 6 ) AND agent ( 6 , 23 ) AND ccomp ( 6 , 27 ) AND squeeze ( 27 ) AND theme ( 27 , 14 ) AND agent ( 27 , 31 )
203	Nora squeezed Benjamin .	passive_to_active	Nora ( 13 ) ; Benjamin ( 27 ) ; squeeze ( 40 ) AND agent ( 40 , 13 ) AND theme ( 40 , 27 )
204	The girl squeezed a book on a table .	passive_to_active	* girl ( 23 ) ; * book ( 14 ) ; * table ( 19 ) ; nmod . on ( 14 , 19 ) AND squeeze ( 27 ) AND agent ( 27 , 23 ) AND theme ( 27 , 14 )
205	The frog squeezed Emma .	passive_to_active	* frog ( 11 ) ; Emma ( 23 ) ; squeeze ( 6 ) AND agent ( 6 , 11 ) AND theme ( 6 , 23 )
206	A cat squeezed Amelia .	passive_to_active	cat ( 12 ) ; Amelia ( 23 ) ; squeeze ( 7 ) AND agent ( 7 , 12 ) AND theme ( 7 , 23 )
207	A monkey squeezed Emma .	passive_to_active	monkey ( 13 ) ; Emma ( 27 ) ; squeeze ( 19 ) AND agent ( 19 , 13 ) AND theme ( 19 , 27 )
208	Olivia squeezed a fish on the crack .	passive_to_active	Olivia ( 23 ) ; * fish ( 14 ) ; * crack ( 9 ) ; nmod . on ( 14 , 9 ) AND squeeze ( 36 ) AND agent ( 36 , 23 ) AND theme ( 36 , 14 )
209	Amelia squeezed a beer .	passive_to_active	Amelia ( 13 ) ; beer ( 24 ) ; squeeze ( 37 ) AND agent ( 37 , 13 ) AND theme ( 37 , 24 )
210	Ethan squeezed the girl in the garden .	passive_to_active	Ethan ( 23 ) ; * girl ( 12 ) ; * garden ( 34 ) ; nmod . in ( 12 , 34 ) AND squeeze ( 45 ) AND agent ( 45 , 23 ) AND theme ( 45 , 12 )
211	The dog squeezed a box .	passive_to_active	* dog ( 12 ) ; * box ( 23 ) ; squeeze ( 34 ) AND agent ( 34 , 12 ) AND theme ( 34 , 23 )
212	A dog squeezed Liam .	passive_to_active	dog ( 13 ) ; Liam ( 27 ) ; squeeze ( 40 ) AND agent ( 40 , 13 ) AND theme ( 40 , 27 )
213	Ella squeezed a rose on a chair on the speaker .	passive_to_active	Ella ( 23 ) ; * rose ( 17 ) ; * chair ( 29 ) ; * speaker ( 41 ) ; nmod . on ( 17 , 29 ) AND nmod . on ( 17 , 41 ) AND squeeze ( 6 ) AND agent ( 6 , 23 ) AND theme ( 6 , 17 )
214	William squeezed the cake on a stool beside the chair .	passive_to_active	William ( 23 ) ; * cake ( 12 ) ; * stool ( 17 ) ; * chair ( 29 ) ; nmod . beside ( 17 , 29 ) AND nmod . on ( 12 , 17 ) AND squeeze ( 6 ) AND agent ( 6 , 23 ) AND theme ( 6 , 12 )
215	Elizabeth squeezed the strawberry beside a crystal .	passive_to_active	Elizabeth ( 12 ) ; * strawberry ( 29 ) ; * crystal ( 18 ) ; nmod . beside ( 29 , 18 ) AND squeeze ( 41 ) AND agent ( 41 , 12 ) AND theme ( 41 , 29 )
216	A boy squeezed a box .	passive_to_active	boy ( 13 ) ; box ( 27 ) ; squeeze ( 40 ) AND agent ( 40 , 13 ) AND theme ( 40 , 27 )
217	Carter squeezed Emma .	passive_to_active	Carter ( 23 ) ; Emma ( 12 ) ; squeeze ( 45 ) AND agent ( 45 , 23 ) AND theme ( 45 , 12 )
218	Emma squeezed a girl on a stool .	passive_to_active	Emma ( 23 ) ; girl ( 14 ) ; stool ( 8 ) ; squeeze ( 17 ) AND agent ( 17 , 23 ) AND theme ( 17 , 14 ) AND nmod . on ( 17 , 8 )
219	The girl squeezed Jacob .	passive_to_active	* girl ( 13 ) ; Jacob ( 27 ) ; squeeze ( 19 ) AND agent ( 19 , 13 ) AND theme ( 19 , 27 )
220	Jackson shipped a friend the tool on a tree .	pp_dative_to_do_dative	* Jackson ( 23 ) ; friend ( 12 ) ; tool ( 6 ) ; * tree ( 17 ) ; nmod . on ( 6 , 17 ) AND ship ( 29 ) AND agent ( 29 , 23 ) AND recipient ( 29 , 12 ) AND theme ( 29 , 6 )
221	Olivia shipped Emma the rose in a tin .	pp_dative_to_do_dative	Olivia ( 23 ) ; Emma ( 14 ) ; * rose ( 6 ) ; * tin ( 19 ) ; ship ( 31 ) AND theme ( 31 , 6 ) AND recipient ( 31 , 14 ) AND nmod . in ( 6 , 19 )
222	The citizen shipped Liam a cake in a house .	pp_dative_to_do_dative	* citizen ( 19 ) ; Liam ( 33 ) ; cake ( 27 ) ; * house ( 41 ) ; ship ( 14 ) AND agent ( 14 , 19 ) AND recipient ( 14 , 33 ) AND theme ( 14 , 27 ) AND nmod . in ( 27 , 41 )
223	A girl shipped Oliver the clock .	pp_dative_to_do_dative	girl ( 13 ) ; Oliver ( 27 ) ; clock ( 19 ) ; ship ( 8 ) AND agent ( 8 , 13 ) AND recipient ( 8 , 27 ) AND theme ( 8 , 19 )
224	The coach shipped Emma the seed .	pp_dative_to_do_dative	* coach ( 23 ) ; Emma ( 14 ) ; seed ( 9 ) ; ship ( 36 ) AND agent ( 36 , 23 ) AND recipient ( 36 , 14 ) AND theme ( 36 , 9 )
225	Grayson shipped the boy a bell .	pp_dative_to_do_dative	Grayson ( 23 ) ; * boy ( 12 ) ; bell ( 34 ) ; ship ( 45 ) AND agent ( 45 , 23 ) AND recipient ( 45 , 12 ) AND theme ( 45 , 34 )
226	The coach shipped a dog a cake .	pp_dative_to_do_dative	* coach ( 23 ) ; * dog ( 12 ) ; cake ( 45 ) ; ship ( 56 ) AND agent ( 56 , 23 ) AND theme ( 56 , 12 ) AND recipient ( 56 , 45 )
227	A passenger shipped Riley the cake .	pp_dative_to_do_dative	passenger ( 13 ) ; Riley ( 27 ) ; cake ( 8 ) ; ship ( 19 ) AND agent ( 19 , 13 ) AND recipient ( 19 , 27 ) AND theme ( 19 , 8 )
228	A girl liked that Scarlett declared that the prince shipped Olivia a sandwich in a house .	pp_dative_to_do_dative	girl ( 13 ) ; Scarlett ( 27 ) ; prince ( 35 ) ; Olivia ( 41 ) ; sandwich ( 19 ) ; house ( 46 ) ; like ( 8 ) AND agent ( 8 , 13 ) AND ccomp ( 8 , 18 ) AND declare ( 18 ) AND agent ( 18 , 27 ) AND ccomp ( 18 , 33 ) AND ship ( 33 ) AND theme ( 33 , 41 ) AND recipient ( 33 , 41 ) AND nmod . in ( 33 , 46 )
229	A girl shipped the boy a chalk in a garden .	pp_dative_to_do_dative	girl ( 13 ) ; * boy ( 27 ) ; chalk ( 19 ) ; * garden ( 33 ) ; ship ( 41 ) AND agent ( 41 , 13 ) AND theme ( 41 , 19 ) AND recipient ( 41 , 27 ) AND nmod . in ( 19 , 33 )
230	Skylar shipped Scarlett a bucket .	pp_dative_to_do_dative	Skylar ( 23 ) ; Scarlett ( 17 ) ; bucket ( 8 ) ; ship ( 14 ) AND agent ( 14 , 23 ) AND recipient ( 14 , 17 ) AND theme ( 14 , 8 )
231	Emma shipped Alexander a box on the stage .	pp_dative_to_do_dative	Emma ( 10 ) ; Alexander ( 23 ) ; * box ( 17 ) ; * stage ( 29 ) ; nmod . on ( 17 , 29 ) AND ship ( 6 ) AND agent ( 6 , 10 ) AND recipient ( 6 , 23 ) AND theme ( 6 , 17 )
232	A father shipped Liam the rose on a table .	pp_dative_to_do_dative	father ( 13 ) ; Liam ( 27 ) ; * rose ( 8 ) ; * table ( 19 ) ; nmod . on ( 8 , 19 ) AND ship ( 36 ) AND agent ( 36 , 13 ) AND recipient ( 36 , 27 ) AND theme ( 36 , 8 )
233	Emma shipped a girl the cake .	pp_dative_to_do_dative	Emma ( 23 ) ; girl ( 7 ) ; cake ( 14 ) ; ship ( 36 ) AND agent ( 36 , 23 ) AND recipient ( 36 , 7 ) AND theme ( 36 , 14 )
234	The boy respected that Samuel shipped Olivia the box in the room .	pp_dative_to_do_dative	* boy ( 26 ) ; Samuel ( 33 ) ; Olivia ( 14 ) ; * box ( 7 ) ; * room ( 19 ) ; nmod . in ( 7 , 19 ) AND respect ( 36 ) AND agent ( 36 , 26 ) AND ccomp ( 36 , 43 ) AND ship ( 43 ) AND agent ( 43 , 33 ) AND recipient ( 43 , 14 ) AND theme ( 43 , 7 )
235	Eleanor shipped Joseph a cake beside the table .	pp_dative_to_do_dative	Eleanor ( 23 ) ; Joseph ( 17 ) ; cake ( 8 ) ; * table ( 14 ) ; nmod . beside ( 8 , 14 ) AND ship ( 29 ) AND agent ( 29 , 23 ) AND recipient ( 29 , 17 ) AND theme ( 29 , 8 )
236	A lion shipped Mateo the cake .	pp_dative_to_do_dative	lion ( 11 ) ; Mateo ( 23 ) ; cake ( 17 ) ; ship ( 29 ) AND theme ( 29 , 17 ) AND recipient ( 29 , 23 ) AND agent ( 29 , 11 )
237	Hannah shipped Brooklyn the cake .	pp_dative_to_do_dative	Hannah ( 13 ) ; Brooklyn ( 27 ) ; cake ( 8 ) ; ship ( 19 ) AND agent ( 19 , 13 ) AND theme ( 19 , 8 ) AND recipient ( 19 , 27 )
238	A boy shipped a frog the sandwich in the garden .	pp_dative_to_do_dative	boy ( 13 ) ; frog ( 27 ) ; * sandwich ( 19 ) ; * garden ( 33 ) ; nmod . in ( 19 , 33 ) AND ship ( 6 ) AND agent ( 6 , 13 ) AND theme ( 6 , 27 ) AND theme ( 6 , 19 )
239	The donkey shipped Noah a donut .	pp_dative_to_do_dative	* donkey ( 29 ) ; Noah ( 13 ) ; donut ( 24 ) ; ship ( 42 ) AND agent ( 42 , 29 ) AND recipient ( 42 , 13 ) AND theme ( 42 , 24 )
240	Logan slipped a donut on the bun beside the bed beside the table in a cup beside a tree to Emily .	pp_recursion	Logan ( 23 ) ; * donut ( 17 ) ; * bun ( 8 ) ; * bed ( 14 ) ; * table ( 19 ) ; * cup ( 27 ) ; * tree ( 31 ) ; Emily ( 37 ) ; nmod . beside ( 17 , 8 ) AND nmod . beside ( 8 , 14 ) AND nmod . beside ( 14 , 19 ) AND nmod . beside ( 19 , 27 ) AND nmod . beside ( 27 , 31 ) AND slip ( 36 ) AND agent ( 36 , 23 ) AND theme ( 36 , 17 ) AND recipient ( 36 , 37 )
241	A judge poked the donut in a cupboard beside the bin beside the seat in a taxi beside a bed in a house beside a stage in a garden on a rock beside a table .	pp_recursion	* judge ( 17 ) ; * donut ( 6 ) ; * cupboard ( 13 ) ; * bin ( 19 ) ; * seat ( 24 ) ; * taxi ( 31 ) ; * bed ( 37 ) ; * house ( 43 ) ; * stage ( 49 ) ; * garden ( 55 ) ; * rock ( 61 ) ; * table ( 67 ) ; nmod . beside ( 6 , 13 ) AND nmod . beside ( 13 , 19 ) AND nmod . beside ( 19 , 24 ) AND nmod . beside ( 24 , 31 ) AND nmod . beside ( 31 , 37 ) AND nmod . beside (
242	A cat served a box on the napkin beside a log on a bed beside the bike on a TV to the prince .	pp_recursion	cat ( 7 ) ; box ( 13 ) ; napkin ( 19 ) ; log ( 23 ) ; bed ( 29 ) ; bike ( 33 ) ; TV ( 37 ) ; prince ( 41 ) ; serve ( 3 ) AND agent ( 3 , 7 ) AND theme ( 3 , 13 ) AND nmod . on ( 13 , 19 ) AND nmod . beside ( 19 , 23 ) AND nmod . on ( 23 , 29 ) AND nmod . beside ( 29 , 33 ) AND nmod . on ( 33 , 37 ) AND nmod . to ( 37 , 41 )
243	Liam liked the soldier beside a bottle on the road beside a cup in a room on a sock in a well on the chair in a basin .	pp_recursion	Liam ( 23 ) ; soldier ( 14 ) ; * bottle ( 8 ) ; * road ( 19 ) ; * cup ( 27 ) ; * room ( 36 ) ; * sock ( 45 ) ; * well ( 54 ) ; * chair ( 63 ) ; * basin ( 72 ) ; like ( 4 ) AND agent ( 4 , 23 ) AND theme ( 4 , 14 ) AND nmod . beside ( 14 , 8 ) AND nmod . on ( 8 , 19 ) AND nmod . beside ( 8 , 27 ) AND nmod . in ( 27 , 36 ) AND nmod . on ( 27 ,
244	Emma appreciated that the cat snapped the dealer in the cage beside the book in a house beside a sink beside the cup beside a chair beside the bin on the bed .	pp_recursion	Emma ( 23 ) ; cat ( 4 ) ; snap ( 6 ) ; dealer ( 9 ) ; cage ( 12 ) ; * book ( 15 ) ; * house ( 18 ) ; * sink ( 21 ) ; * cup ( 24 ) ; * chair ( 27 ) ; * bin ( 30 ) ; * bed ( 33 ) ; appreciate ( 36 ) AND agent ( 36 , 23 ) AND ccomp ( 36 , 39 ) AND snap ( 39 ) AND agent ( 39 , 4 ) AND theme ( 39 , 9 ) AND nmod . beside ( 9 , 15 ) AND nmod . in ( 15 , 18
245	Liam liked a donut in the garden in the well on a bike in the house on a bowl in a pod .	pp_recursion	Liam ( 23 ) ; donut ( 17 ) ; garden ( 8 ) ; well ( 14 ) ; bike ( 19 ) ; house ( 27 ) ; bowl ( 31 ) ; pod ( 36 ) ; like ( 43 ) AND agent ( 43 , 23 ) AND theme ( 43 , 17 ) AND nmod . in ( 17 , 8 ) AND nmod . in ( 17 , 14 ) AND nmod . on ( 17 , 19 ) AND nmod . in ( 17 , 27 ) AND nmod . on ( 17 , 31 ) AND nmod . in ( 17 , 36 )
246	A cat froze a chicken on a chair in a garden on a table in a dumpster beside the monk beside a bed .	pp_recursion	cat ( 12 ) ; chicken ( 7 ) ; * chair ( 19 ) ; * garden ( 23 ) ; * table ( 31 ) ; * dumpster ( 37 ) ; monk ( 41 ) ; * bed ( 47 ) ; nmod . on ( 7 , 19 ) AND nmod . in ( 7 , 23 ) AND nmod . on ( 7 , 31 ) AND nmod . in ( 7 , 37 ) AND nmod . beside ( 7 , 41 ) AND nmod . beside ( 7 , 47 ) AND freeze ( 4 ) AND agent ( 4 , 12 ) AND theme ( 4 , 7 )
247	The girl sketched the cat in a house on a seat beside a table beside a dragon on the notebook in a jar in the room .	pp_recursion	* girl ( 12 ) ; * cat ( 23 ) ; * house ( 34 ) ; * seat ( 45 ) ; * table ( 56 ) ; * dragon ( 67 ) ; * notebook ( 78 ) ; * jar ( 89 ) ; * room ( 90 ) ; nmod . in ( 23 , 34 ) AND nmod . on ( 23 , 45 ) AND nmod . beside ( 45 , 56 ) AND nmod . beside ( 56 , 67 ) AND nmod . in ( 67 , 78 ) AND nmod . in ( 78 , 89 ) AND nmod . in ( 89 , 90 ) AND sketch (
248	The boy ate the monster in the cabinet in a envelope on the tiger beside the painting beside a cat on a box beside a table on a surface in the house in the cup beside the stage .	pp_recursion	* boy ( 4 ) ; monster ( 8 ) ; * cabinet ( 12 ) ; * envelope ( 16 ) ; * tiger ( 20 ) ; * painting ( 24 ) ; * cat ( 28 ) ; * box ( 32 ) ; * table ( 36 ) ; * surface ( 40 ) ; * house ( 44 ) ; * cup ( 48 ) ; * stage ( 52 ) ; nmod . in ( 8 , 12 ) AND nmod . in ( 12 , 16 ) AND nmod . on ( 16 , 20 ) AND nmod . beside ( 20 , 24 ) AND nmod . beside ( 24 , 28 ) AND
249	Emily admired a girl beside the monkey on the bible in the car in a palace on a surface on a desk on a cupboard on the table .	pp_recursion	* Emily ( 23 ) ; girl ( 17 ) ; monkey ( 8 ) ; * bible ( 14 ) ; * car ( 19 ) ; * palace ( 27 ) ; * surface ( 36 ) ; * desk ( 45 ) ; * cupboard ( 54 ) ; * table ( 63 ) ; nmod . beside ( 17 , 8 ) AND nmod . on ( 8 , 14 ) AND nmod . in ( 14 , 19 ) AND nmod . in ( 19 , 27 ) AND nmod . in ( 27 , 36 ) AND nmod . on ( 36 , 45 ) AND nmod . on ( 45 , 54
250	A tenant liked the teacher in a glass on a stage in a house .	pp_recursion	tenant ( 13 ) ; teacher ( 24 ) ; * glass ( 37 ) ; * stage ( 41 ) ; * house ( 19 ) ; like ( 6 ) AND agent ( 6 , 13 ) AND theme ( 6 , 24 ) AND nmod . in ( 24 , 37 ) AND nmod . on ( 37 , 41 ) AND nmod . in ( 41 , 19 )
251	Eleanor painted a teacher in a house beside the stage on the table in a room .	pp_recursion	* Eleanor ( 23 ) ; * teacher ( 14 ) ; * house ( 8 ) ; * stage ( 19 ) ; * table ( 31 ) ; * room ( 37 ) ; nmod . beside ( 14 , 19 ) AND nmod . on ( 14 , 31 ) AND nmod . in ( 14 , 37 ) AND paint ( 6 ) AND agent ( 6 , 23 ) AND theme ( 6 , 14 )
252	A teacher sold a bat beside a machine in the house on the chair in a room beside the sword on a seat on the table to a goose .	pp_recursion	teacher ( 7 ) ; bat ( 13 ) ; machine ( 19 ) ; * house ( 23 ) ; * chair ( 29 ) ; * room ( 37 ) ; * sword ( 43 ) ; * seat ( 49 ) ; * table ( 55 ) ; goose ( 61 ) ; sell ( 3 ) AND agent ( 3 , 7 ) AND theme ( 3 , 13 ) AND nmod . beside ( 13 , 19 ) AND nmod . in ( 19 , 23 ) AND nmod . on ( 19 , 29 ) AND nmod . in ( 29 , 37 ) AND nmod . beside ( 13 , 43 ) AND
253	A dog painted the girl beside the chair in a house beside a road on a dish .	pp_recursion	* dog ( 17 ) ; * girl ( 39 ) ; * chair ( 23 ) ; * house ( 8 ) ; * road ( 14 ) ; * dish ( 29 ) ; nmod . beside ( 39 , 23 ) AND nmod . in ( 39 , 8 ) AND nmod . beside ( 8 , 14 ) AND nmod . on ( 14 , 29 ) AND paint ( 36 ) AND agent ( 36 , 17 ) AND theme ( 36 , 39 )
254	The baby returned James the donut on the tree in the house on the bed in a bag .	pp_recursion	* baby ( 10 ) ; James ( 23 ) ; * donut ( 17 ) ; * tree ( 14 ) ; * house ( 19 ) ; * bed ( 27 ) ; * bag ( 31 ) ; nmod . on ( 17 , 14 ) AND nmod . in ( 14 , 19 ) AND nmod . on ( 19 , 27 ) AND nmod . in ( 27 , 31 ) AND return ( 6 ) AND agent ( 6 , 10 ) AND recipient ( 6 , 23 ) AND theme ( 6 , 17 )
255	The boy sold the cake on the boat on the leaflet in the haystack on a bed on a stage on a block in a garden on the chair to the president .	pp_recursion	* boy ( 4 ) ; cake ( 8 ) ; * boat ( 12 ) ; * leaflet ( 16 ) ; * haystack ( 20 ) ; * bed ( 24 ) ; * stage ( 28 ) ; * block ( 32 ) ; * garden ( 36 ) ; * chair ( 40 ) ; president ( 44 ) ; sell ( 48 ) AND agent ( 48 , 4 ) AND theme ( 48 , 8 ) AND nmod . on ( 8 , 12 ) AND nmod . in ( 12 , 16 ) AND nmod . in ( 16 , 20 ) AND nmod . on ( 20 , 24 ) AND nmod
256	The girl cleaned a cat beside a table in a storage on a rock beside the bed in a house on the desk in the garden beside a car .	pp_recursion	* girl ( 7 ) ; cat ( 13 ) ; * table ( 19 ) ; * storage ( 25 ) ; * rock ( 31 ) ; * bed ( 37 ) ; * house ( 43 ) ; * desk ( 49 ) ; * garden ( 55 ) ; * car ( 61 ) ; nmod . beside ( 13 , 19 ) AND nmod . in ( 13 , 25 ) AND nmod . beside ( 25 , 31 ) AND nmod . in ( 31 , 43 ) AND nmod . beside ( 31 , 37 ) AND nmod . in ( 37 , 43 ) AND nmod . on ( 37 ,
257	A girl handed the block beside a mirror beside a book in a vessel in the room in a house in the box beside the bag beside a log in the saucepan in the car beside the table to Liam .	pp_recursion	girl ( 3 ) ; block ( 7 ) ; * mirror ( 11 ) ; * book ( 15 ) ; * vessel ( 19 ) ; * room ( 23 ) ; * house ( 27 ) ; * box ( 31 ) ; * bag ( 35 ) ; * log ( 39 ) ; * saucepan ( 43 ) ; * car ( 47 ) ; * table ( 51 ) ; Liam ( 55 ) ; nmod . beside ( 7 , 11 ) AND nmod . beside ( 11 , 15 ) AND nmod . in ( 15 , 19 ) AND nmod . in ( 19 , 23 ) AND nmod . in (
258	Liam ate the cookie in a penthouse beside the book in the house in the stadium on a bible beside the car in a bakery beside the table beside the machine in the container .	pp_recursion	Liam ( 23 ) ; * cookie ( 12 ) ; * penthouse ( 7 ) ; * book ( 19 ) ; * house ( 31 ) ; * stadium ( 41 ) ; * bible ( 53 ) ; * car ( 61 ) ; * bakery ( 73 ) ; * table ( 81 ) ; * machine ( 89 ) ; * container ( 97 ) ; nmod . in ( 12 , 7 ) AND nmod . beside ( 12 , 19 ) AND nmod . in ( 19 , 31 ) AND nmod . on ( 19 , 41 ) AND nmod . beside ( 19 , 53 ) AND nmod . in (
259	William helped a boy beside the table on a truck beside the tree on the yacht beside a bed in a car beside a boat beside a chair on a seat in a envelope on a shelf .	pp_recursion	William ( 3 ) ; boy ( 7 ) ; table ( 11 ) ; truck ( 15 ) ; tree ( 19 ) ; yacht ( 23 ) ; bed ( 27 ) ; car ( 31 ) ; boat ( 35 ) ; chair ( 39 ) ; seat ( 43 ) ; envelope ( 47 ) ; shelf ( 51 ) ; help ( 5 ) AND agent ( 5 , 3 ) AND theme ( 5 , 7 ) AND nmod . beside ( 7 , 11 ) AND nmod . on ( 11 , 15 ) AND nmod . beside ( 15 , 19 ) AND nmod . on ( 19 , 23 ) AND
260	The lion preferred to crawl .	prim_to_inf_arg	* lion ( 12 ) ; crawl ( 19 ) ; prefer ( 6 ) AND agent ( 6 , 12 ) AND xcomp ( 6 , 19 )
261	Elijah wanted to crawl .	prim_to_inf_arg	Elijah ( 23 ) ; crawl ( 12 ) ; want ( 34 ) AND agent ( 34 , 23 ) AND xcomp ( 34 , 12 )
262	A student wanted to crawl .	prim_to_inf_arg	student ( 12 ) ; want ( 5 ) AND agent ( 5 , 12 ) AND crawl ( 5 )
263	Liam dreamed to crawl .	prim_to_inf_arg	Liam ( 23 ) ; dream ( 12 ) AND agent ( 12 , 23 ) AND crawl ( 12 )
264	A butterfly hoped that Ava wanted to crawl .	prim_to_inf_arg	butterfly ( 12 ) ; Ava ( 29 ) ; crawl ( 39 ) ; hope ( 6 ) AND agent ( 6 , 12 ) AND ccomp ( 6 , 17 ) AND want ( 17 ) AND agent ( 17 , 29 )
265	Avery wanted to crawl .	prim_to_inf_arg	Avery ( 12 ) ; crawl ( 6 ) AND agent ( 6 , 12 )
266	A manager preferred to crawl .	prim_to_inf_arg	manager ( 12 ) ; crawl ( 6 ) ; prefer ( 9 ) AND agent ( 9 , 12 ) AND theme ( 9 , 6 )
267	Ava wanted to crawl .	prim_to_inf_arg	Ava ( 12 ) ; crawl ( 6 ) AND agent ( 6 , 12 )
268	The girl longed to crawl .	prim_to_inf_arg	* girl ( 12 ) ; long ( 23 ) ; crawl ( 34 ) AND agent ( 34 , 12 )
269	A guard liked to crawl .	prim_to_inf_arg	guard ( 13 ) ; crawl ( 6 ) ; like ( 19 ) AND agent ( 19 , 13 ) AND theme ( 19 , 6 )
270	A hen expected to crawl .	prim_to_inf_arg	hen ( 12 ) ; crawl ( 6 ) ; expect ( 9 ) AND agent ( 9 , 12 ) AND ccomp ( 9 , 6 )
271	The frog yearned to crawl .	prim_to_inf_arg	* frog ( 11 ) ; yearn ( 6 ) AND agent ( 6 , 11 ) AND crawl ( 19 ) AND theme ( 19 , 11 )
272	Emma liked that Noah wanted to crawl .	prim_to_inf_arg	Emma ( 23 ) ; Noah ( 29 ) ; like ( 14 ) AND agent ( 14 , 23 ) AND ccomp ( 14 , 32 ) AND want ( 32 ) AND agent ( 32 , 29 ) AND crawl ( 46 )
273	A child planned to crawl .	prim_to_inf_arg	child ( 13 ) ; plan ( 27 ) AND agent ( 27 , 13 ) AND crawl ( 19 ) AND theme ( 19 , 13 )
274	A chicken longed to crawl .	prim_to_inf_arg	chicken ( 12 ) ; crawl ( 6 ) ; long ( 6 ) AND agent ( 6 , 12 )
275	The dog yearned to crawl .	prim_to_inf_arg	* dog ( 12 ) ; yearn ( 5 ) AND agent ( 5 , 12 ) AND crawl ( 5 )
276	The scientist wanted to crawl .	prim_to_inf_arg	* scientist ( 12 ) ; want ( 34 ) AND agent ( 34 , 12 ) AND crawl ( 34 )
277	Madison wanted to crawl .	prim_to_inf_arg	Madison ( 12 ) ; crawl ( 6 ) AND agent ( 6 , 12 )
278	A lion itched to crawl .	prim_to_inf_arg	lion ( 12 ) ; itch ( 5 ) ; crawl ( 19 ) ; itch ( 5 ) AND agent ( 5 , 12 ) AND crawl ( 9 ) AND agent ( 9 , 12 )
279	Logan wanted to crawl .	prim_to_inf_arg	Logan ( 23 ) ; crawl ( 6 ) AND agent ( 6 , 23 )
280	Owen rented Olivia the shark beside the stool .	prim_to_obj_common	Owen ( 29 ) ; Olivia ( 13 ) ; shark ( 6 ) ; * stool ( 19 ) ; nmod . beside ( 6 , 19 ) AND rent ( 36 ) AND agent ( 36 , 29 ) AND recipient ( 36 , 13 ) AND theme ( 36 , 6 )
281	A bear gave Claire a shark .	prim_to_obj_common	bear ( 12 ) ; Claire ( 23 ) ; shark ( 7 ) ; give ( 34 ) AND agent ( 34 , 12 ) AND recipient ( 34 , 23 ) AND theme ( 34 , 7 )
282	A cat posted the shark on the desk to Sophia .	prim_to_obj_common	cat ( 12 ) ; * shark ( 19 ) ; * desk ( 27 ) ; Sophia ( 34 ) ; nmod . on ( 19 , 27 ) AND post ( 43 ) AND agent ( 43 , 12 ) AND theme ( 43 , 19 ) AND nmod . to ( 43 , 34 )
283	Liam sold the shark to Emma .	prim_to_obj_common	* Liam ( 23 ) ; shark ( 14 ) ; Emma ( 37 ) ; sell ( 45 ) AND agent ( 45 , 23 ) AND theme ( 45 , 14 ) AND recipient ( 45 , 37 )
284	A tiger rolled a shark .	prim_to_obj_common	tiger ( 13 ) ; shark ( 24 ) ; roll ( 37 ) AND agent ( 37 , 13 ) AND theme ( 37 , 24 )
285	James drew a shark .	prim_to_obj_common	James ( 23 ) ; shark ( 14 ) ; draw ( 37 ) AND agent ( 37 , 23 ) AND theme ( 37 , 14 )
286	Isabella gave the shark in the car to Emma .	prim_to_obj_common	* Isabella ( 23 ) ; * shark ( 14 ) ; * car ( 8 ) ; Emma ( 19 ) ; give ( 31 ) AND theme ( 31 , 14 ) AND recipient ( 31 , 23 ) AND nmod . in ( 14 , 8 ) AND recipient ( 31 , 19 )
287	Emma rolled a shark on the notebook .	prim_to_obj_common	Emma ( 23 ) ; * shark ( 12 ) ; * notebook ( 19 ) ; nmod . on ( 12 , 19 ) AND roll ( 56 ) AND agent ( 56 , 23 ) AND theme ( 56 , 12 )
288	Ethan crumpled the shark .	prim_to_obj_common	Ethan ( 23 ) ; * shark ( 12 ) ; crumple ( 34 ) AND agent ( 34 , 23 ) AND theme ( 34 , 12 )
289	The girl passed a donkey a shark on a speaker .	prim_to_obj_common	* girl ( 23 ) ; donkey ( 12 ) ; shark ( 8 ) ; * speaker ( 17 ) ; nmod . on ( 8 , 17 ) AND pass ( 29 ) AND agent ( 29 , 23 ) AND theme ( 29 , 12 ) AND recipient ( 29 , 8 )
290	Michael thought that Elizabeth awarded the boy a shark .	prim_to_obj_common	Michael ( 23 ) ; Elizabeth ( 14 ) ; boy ( 6 ) ; shark ( 31 ) ; think ( 47 ) AND agent ( 47 , 23 ) AND ccomp ( 47 , 36 ) AND award ( 36 ) AND agent ( 36 , 14 ) AND theme ( 36 , 31 ) AND recipient ( 36 , 6 )
291	A cat gave Emma a shark .	prim_to_obj_common	cat ( 12 ) ; Emma ( 23 ) ; shark ( 7 ) ; give ( 34 ) AND agent ( 34 , 12 ) AND recipient ( 34 , 23 ) AND theme ( 34 , 7 )
292	The priest ate a shark .	prim_to_obj_common	* priest ( 12 ) ; shark ( 23 ) ; eat ( 34 ) AND agent ( 34 , 12 ) AND theme ( 34 , 23 )
293	A boy gave the lion a shark beside the table .	prim_to_obj_common	boy ( 13 ) ; lion ( 27 ) ; shark ( 19 ) ; * table ( 36 ) ; nmod . beside ( 19 , 36 ) AND give ( 43 ) AND agent ( 43 , 13 ) AND theme ( 43 , 19 ) AND recipient ( 43 , 27 )
294	Benjamin ate the shark .	prim_to_obj_common	Benjamin ( 23 ) ; shark ( 14 ) ; eat ( 37 ) AND agent ( 37 , 23 ) AND theme ( 37 , 14 )
295	Liam ate a shark on the rock .	prim_to_obj_common	Liam ( 23 ) ; * shark ( 14 ) ; * rock ( 8 ) ; nmod . on ( 14 , 8 ) AND eat ( 19 ) AND theme ( 19 , 14 ) AND agent ( 19 , 23 )
296	Benjamin liked that Emma admired that Liam loaned a shark to the dog .	prim_to_obj_common	Benjamin ( 23 ) ; Emma ( 17 ) ; Liam ( 41 ) ; shark ( 6 ) ; dog ( 12 ) ; like ( 29 ) AND agent ( 29 , 23 ) AND ccomp ( 29 , 36 ) AND admire ( 36 ) AND agent ( 36 , 17 ) AND ccomp ( 36 , 46 ) AND loan ( 46 ) AND theme ( 46 , 6 ) AND recipient ( 46 , 12 ) AND agent ( 46 , 41 )
297	A teacher hoped that a girl ate a shark on the table .	prim_to_obj_common	teacher ( 13 ) ; girl ( 26 ) ; shark ( 8 ) ; * table ( 19 ) ; hope ( 43 ) AND agent ( 43 , 13 ) AND ccomp ( 43 , 48 ) AND eat ( 48 ) AND theme ( 48 , 8 ) AND agent ( 48 , 26 ) AND nmod . on ( 8 , 19 )
298	Noah liked that a cat helped the shark beside a table .	prim_to_obj_common	Noah ( 23 ) ; cat ( 12 ) ; shark ( 6 ) ; * table ( 19 ) ; like ( 29 ) AND agent ( 29 , 23 ) AND ccomp ( 29 , 36 ) AND help ( 36 ) AND agent ( 36 , 12 ) AND theme ( 36 , 6 ) AND nmod . beside ( 36 , 19 )
299	Emily ate the shark in the house .	prim_to_obj_common	Emily ( 12 ) ; * shark ( 29 ) ; * house ( 37 ) ; nmod . in ( 29 , 37 ) AND eat ( 44 ) AND agent ( 44 , 12 ) AND theme ( 44 , 29 )
300	Theodore changed Paula .	prim_to_obj_proper	* Theodore ( 23 ) ; Paula ( 12 ) ; change ( 45 ) AND agent ( 45 , 23 ) AND theme ( 45 , 12 )
301	A tiger rolled Paula .	prim_to_obj_proper	tiger ( 12 ) ; Paula ( 23 ) ; roll ( 34 ) AND agent ( 34 , 12 ) AND theme ( 34 , 23 )
302	Sophia sent Ava Paula .	prim_to_obj_proper	Sophia ( 23 ) ; Ava ( 14 ) ; Paula ( 37 ) ; send ( 6 ) AND agent ( 6 , 23 ) AND theme ( 6 , 14 ) AND recipient ( 6 , 37 )
303	Noah liked Paula .	prim_to_obj_proper	Noah ( 12 ) ; Paula ( 29 ) ; like ( 6 ) AND agent ( 6 , 12 ) AND theme ( 6 , 29 )
304	The student helped Paula .	prim_to_obj_proper	* student ( 12 ) ; Paula ( 29 ) ; help ( 6 ) AND agent ( 6 , 12 ) AND theme ( 6 , 29 )
305	A horse said that the moose ate Paula .	prim_to_obj_proper	horse ( 17 ) ; * moose ( 39 ) ; Paula ( 56 ) ; say ( 23 ) AND agent ( 23 , 17 ) AND ccomp ( 23 , 46 ) AND eat ( 46 ) AND theme ( 46 , 56 )
306	Olivia sold Paula to the priest .	prim_to_obj_proper	* Olivia ( 23 ) ; Paula ( 14 ) ; * priest ( 37 ) ; sell ( 6 ) AND theme ( 6 , 14 ) AND recipient ( 6 , 23 ) AND agent ( 6 , 37 )
307	James discovered Paula .	prim_to_obj_proper	James ( 23 ) ; Paula ( 14 ) ; discover ( 37 ) AND agent ( 37 , 23 ) AND theme ( 37 , 14 )
308	The girl gave Paula to Addison .	prim_to_obj_proper	* girl ( 13 ) ; Paula ( 24 ) ; Addison ( 37 ) ; give ( 46 ) AND theme ( 46 , 13 ) AND recipient ( 46 , 24 ) AND agent ( 46 , 37 )
309	The girl decomposed Paula .	prim_to_obj_proper	* girl ( 12 ) ; Paula ( 29 ) ; decompose ( 6 ) AND agent ( 6 , 12 ) AND theme ( 6 , 29 )
310	A boy mailed Paula to the girl .	prim_to_obj_proper	boy ( 13 ) ; Paula ( 27 ) ; girl ( 36 ) ; mail ( 19 ) AND agent ( 19 , 13 ) AND recipient ( 19 , 27 ) AND theme ( 19 , 36 )
311	Scarlett lended a consumer Paula .	prim_to_obj_proper	Scarlett ( 23 ) ; consumer ( 12 ) ; Paula ( 56 ) ; lend ( 34 ) AND agent ( 34 , 23 ) AND recipient ( 34 , 12 ) AND theme ( 34 , 56 )
312	Ava broke Paula .	prim_to_obj_proper	Ava ( 12 ) ; Paula ( 23 ) ; break ( 45 ) AND agent ( 45 , 12 ) AND theme ( 45 , 23 )
313	Aubrey handed Paula to Charlotte .	prim_to_obj_proper	Aubrey ( 19 ) ; Paula ( 13 ) ; Charlotte ( 27 ) ; hand ( 34 ) AND agent ( 34 , 19 ) AND theme ( 34 , 13 ) AND recipient ( 34 , 27 )
314	The girl forwarded Paula to Olivia .	prim_to_obj_proper	* girl ( 12 ) ; Paula ( 23 ) ; Olivia ( 7 ) ; forward ( 34 ) AND agent ( 34 , 12 ) AND theme ( 34 , 23 ) AND recipient ( 34 , 7 )
315	Logan gave the cat Paula .	prim_to_obj_proper	* Logan ( 23 ) ; * cat ( 14 ) ; Paula ( 6 ) ; give ( 36 ) AND agent ( 36 , 23 ) AND theme ( 36 , 14 ) AND recipient ( 36 , 6 )
316	Wyatt proved that the boy rented Paula to Ava .	prim_to_obj_proper	Wyatt ( 29 ) ; * boy ( 13 ) ; Paula ( 41 ) ; Ava ( 54 ) ; prove ( 6 ) AND agent ( 6 , 29 ) AND ccomp ( 6 , 19 ) AND rent ( 19 ) AND agent ( 19 , 13 ) AND theme ( 19 , 41 ) AND recipient ( 19 , 54 )
317	Oliver burned Paula .	prim_to_obj_proper	Oliver ( 23 ) ; Paula ( 12 ) ; burn ( 45 ) AND agent ( 45 , 23 ) AND theme ( 45 , 12 )
318	A girl dusted Paula .	prim_to_obj_proper	girl ( 3 ) ; Paula ( 7 ) ; dust ( 11 ) AND agent ( 11 , 3 ) AND theme ( 11 , 7 )
319	Logan hunted Paula .	prim_to_obj_proper	Logan ( 23 ) ; Paula ( 12 ) ; hunt ( 45 ) AND agent ( 45 , 23 ) AND theme ( 45 , 12 )
320	The shark ate a rose .	prim_to_subj_common	* shark ( 12 ) ; * rose ( 29 ) ; eat ( 6 ) AND agent ( 6 , 12 ) AND theme ( 6 , 29 )
321	The shark gave Elijah the cake beside a seat .	prim_to_subj_common	* shark ( 17 ) ; Elijah ( 39 ) ; cake ( 23 ) ; * seat ( 8 ) ; nmod . beside ( 23 , 8 ) AND give ( 45 ) AND theme ( 45 , 17 ) AND recipient ( 45 , 39 ) AND theme ( 45 , 23 )
322	The shark examined Sophia .	prim_to_subj_common	* shark ( 25 ) ; Sophia ( 39 ) ; examine ( 14 ) AND agent ( 14 , 25 ) AND theme ( 14 , 39 )
323	The shark pierced a cake .	prim_to_subj_common	* shark ( 12 ) ; cake ( 23 ) ; pierce ( 34 ) AND agent ( 34 , 12 ) AND theme ( 34 , 23 )
324	The shark juggled the cake beside the bat .	prim_to_subj_common	* shark ( 23 ) ; * cake ( 12 ) ; * bat ( 34 ) ; nmod . beside ( 12 , 34 ) AND juggle ( 45 ) AND agent ( 45 , 23 ) AND theme ( 45 , 12 )
325	The shark loved the balloon .	prim_to_subj_common	* shark ( 12 ) ; * balloon ( 29 ) ; love ( 6 ) AND agent ( 6 , 12 ) AND theme ( 6 , 29 )
326	A shark mailed Oliver the cookie .	prim_to_subj_common	shark ( 13 ) ; Oliver ( 27 ) ; cookie ( 19 ) ; mail ( 36 ) AND theme ( 36 , 19 ) AND recipient ( 36 , 27 ) AND agent ( 36 , 13 )
327	The shark dusted the donut on the road .	prim_to_subj_common	* shark ( 23 ) ; * donut ( 12 ) ; * road ( 7 ) ; nmod . on ( 12 , 7 ) AND dust ( 34 ) AND agent ( 34 , 23 ) AND theme ( 34 , 12 )
328	The shark lended a bat to Noah .	prim_to_subj_common	* shark ( 25 ) ; bat ( 13 ) ; Noah ( 36 ) ; lend ( 47 ) AND agent ( 47 , 25 ) AND theme ( 47 , 13 ) AND recipient ( 47 , 36 )
329	The shark painted the chicken beside the table .	prim_to_subj_common	* shark ( 23 ) ; * chicken ( 14 ) ; * table ( 9 ) ; nmod . beside ( 14 , 9 ) AND paint ( 32 ) AND agent ( 32 , 23 ) AND theme ( 32 , 14 )
330	The shark collapsed a girl .	prim_to_subj_common	* shark ( 12 ) ; girl ( 29 ) ; collapse ( 6 ) AND agent ( 6 , 12 ) AND theme ( 6 , 29 )
331	A shark painted a girl .	prim_to_subj_common	shark ( 12 ) ; girl ( 29 ) ; paint ( 6 ) AND agent ( 6 , 12 ) AND theme ( 6 , 29 )
332	The shark froze the boy on a table .	prim_to_subj_common	* shark ( 12 ) ; * boy ( 29 ) ; * table ( 37 ) ; nmod . on ( 29 , 37 ) AND freeze ( 44 ) AND agent ( 44 , 12 ) AND theme ( 44 , 29 )
333	The shark dusted Michael .	prim_to_subj_common	* shark ( 12 ) ; Michael ( 29 ) ; dust ( 6 ) AND agent ( 6 , 12 ) AND theme ( 6 , 29 )
334	Liam said that a shark preferred to sleep .	prim_to_subj_common	Liam ( 23 ) ; shark ( 14 ) ; prefer ( 37 ) ; sleep ( 6 ) ; say ( 29 ) AND agent ( 29 , 23 ) AND ccomp ( 29 , 43 ) AND prefer ( 43 ) AND agent ( 43 , 14 ) AND xcomp ( 43 , 6 )
335	The shark wished to eat .	prim_to_subj_common	* shark ( 12 ) ; wish ( 6 ) AND agent ( 6 , 12 ) AND eat ( 19 ) AND agent ( 19 , 12 )
336	The girl thought that the shark liked a cake .	prim_to_subj_common	* girl ( 23 ) ; * shark ( 38 ) ; cake ( 14 ) ; think ( 29 ) AND agent ( 29 , 23 ) AND ccomp ( 29 , 46 ) AND like ( 46 ) AND agent ( 46 , 38 ) AND theme ( 46 , 14 )
337	The shark froze a cake in a house .	prim_to_subj_common	* shark ( 23 ) ; * cake ( 12 ) ; * house ( 19 ) ; freeze ( 31 ) AND agent ( 31 , 23 ) AND theme ( 31 , 12 ) AND nmod . in ( 31 , 19 )
338	The shark offered a cake to Liam .	prim_to_subj_common	* shark ( 19 ) ; cake ( 27 ) ; Liam ( 33 ) ; offer ( 14 ) AND agent ( 14 , 19 ) AND theme ( 14 , 27 ) AND recipient ( 14 , 33 )
339	The shark intended to giggle .	prim_to_subj_common	* shark ( 12 ) ; intend ( 34 ) AND agent ( 34 , 12 ) AND giggle ( 56 )
340	Paula rolled a brick .	prim_to_subj_proper	Paula ( 23 ) ; brick ( 14 ) ; roll ( 6 ) AND agent ( 6 , 23 ) AND theme ( 6 , 14 )
341	Paula dusted Lucas .	prim_to_subj_proper	Paula ( 23 ) ; Lucas ( 14 ) ; dust ( 37 ) AND agent ( 37 , 23 ) AND theme ( 37 , 14 )
342	Paula gave a cat the cake on the speaker .	prim_to_subj_proper	Paula ( 23 ) ; cat ( 17 ) ; cake ( 8 ) ; * speaker ( 14 ) ; nmod . on ( 8 , 14 ) AND give ( 29 ) AND theme ( 29 , 8 ) AND recipient ( 29 , 17 ) AND recipient ( 29 , 23 )
343	Paula gave Emma a cake on the TV .	prim_to_subj_proper	Paula ( 23 ) ; Emma ( 12 ) ; cake ( 6 ) ; * TV ( 17 ) ; nmod . on ( 6 , 17 ) AND give ( 29 ) AND agent ( 29 , 23 ) AND recipient ( 29 , 12 ) AND theme ( 29 , 6 )
344	Paula liked the drink in the house .	prim_to_subj_proper	* Paula ( 23 ) ; * drink ( 12 ) ; * house ( 19 ) ; nmod . in ( 12 , 19 ) AND like ( 6 ) AND agent ( 6 , 23 ) AND theme ( 6 , 12 )
345	Paula rolled Ethan .	prim_to_subj_proper	Paula ( 23 ) ; Ethan ( 12 ) ; roll ( 45 ) AND agent ( 45 , 23 ) AND theme ( 45 , 12 )
346	Paula liked the cookie .	prim_to_subj_proper	Paula ( 23 ) ; cookie ( 14 ) ; like ( 6 ) AND agent ( 6 , 23 ) AND theme ( 6 , 14 )
347	Paula lended a boy the cake beside the chair .	prim_to_subj_proper	Paula ( 23 ) ; boy ( 17 ) ; cake ( 8 ) ; * chair ( 14 ) ; nmod . beside ( 8 , 14 ) AND lend ( 29 ) AND agent ( 29 , 23 ) AND recipient ( 29 , 17 ) AND theme ( 29 , 8 )
348	Paula rolled the knife .	prim_to_subj_proper	* Paula ( 23 ) ; * knife ( 14 ) ; roll ( 37 ) AND agent ( 37 , 23 ) AND theme ( 37 , 14 )
349	Paula brought the donut to the duck .	prim_to_subj_proper	* Paula ( 23 ) ; * donut ( 17 ) ; * duck ( 8 ) ; bring ( 14 ) AND theme ( 14 , 17 ) AND recipient ( 14 , 8 )
350	Paula helped a girl beside the table .	prim_to_subj_proper	Paula ( 23 ) ; girl ( 17 ) ; * table ( 9 ) ; nmod . beside ( 17 , 9 ) AND help ( 14 ) AND agent ( 14 , 23 ) AND theme ( 14 , 17 )
351	Paula mailed Liam the newspaper .	prim_to_subj_proper	Paula ( 23 ) ; Liam ( 14 ) ; newspaper ( 8 ) ; mail ( 29 ) AND agent ( 29 , 23 ) AND theme ( 29 , 8 ) AND recipient ( 29 , 14 )
352	Paula gave a cake on a table to Emma .	prim_to_subj_proper	Paula ( 23 ) ; cake ( 6 ) ; * table ( 14 ) ; Emma ( 29 ) ; nmod . on ( 6 , 14 ) AND give ( 36 ) AND theme ( 36 , 6 ) AND recipient ( 36 , 29 ) AND nmod . on ( 36 , 14 )
353	Paula wanted to paint .	prim_to_subj_proper	Paula ( 23 ) ; paint ( 6 ) AND agent ( 6 , 23 )
354	Paula lended a donut on a gravel to the girl .	prim_to_subj_proper	Paula ( 23 ) ; donut ( 14 ) ; gravel ( 8 ) ; girl ( 19 ) ; * nmod . on ( 14 , 8 ) AND lend ( 27 ) AND agent ( 27 , 23 ) AND theme ( 27 , 14 ) AND recipient ( 27 , 19 )
355	Paula helped a glue in the garden .	prim_to_subj_proper	* Paula ( 23 ) ; glue ( 14 ) ; * garden ( 8 ) ; nmod . in ( 14 , 8 ) AND help ( 36 ) AND agent ( 36 , 23 ) AND theme ( 36 , 14 )
356	Paula rolled a boy .	prim_to_subj_proper	Paula ( 23 ) ; * boy ( 12 ) ; roll ( 45 ) AND agent ( 45 , 23 ) AND theme ( 45 , 12 )
357	Paula gave a patient the donut in the barrel .	prim_to_subj_proper	Paula ( 23 ) ; patient ( 14 ) ; * donut ( 9 ) ; * barrel ( 19 ) ; nmod . in ( 9 , 19 ) AND give ( 31 ) AND agent ( 31 , 23 ) AND recipient ( 31 , 14 ) AND theme ( 31 , 9 )
358	Paula froze the crayon on the pad .	prim_to_subj_proper	Paula ( 23 ) ; * crayon ( 14 ) ; * pad ( 8 ) ; nmod . on ( 14 , 8 ) AND freeze ( 45 ) AND agent ( 45 , 23 ) AND theme ( 45 , 14 )
359	Paula lended the donut to a girl .	prim_to_subj_proper	Paula ( 23 ) ; * donut ( 17 ) ; girl ( 8 ) ; lend ( 14 ) AND agent ( 14 , 23 ) AND theme ( 14 , 17 ) AND recipient ( 14 , 8 )
360	Abigail gave the hedgehog to the frog .	subj_to_obj_common	* Abigail ( 23 ) ; * hedgehog ( 14 ) ; * frog ( 37 ) ; give ( 45 ) AND theme ( 45 , 14 ) AND recipient ( 45 , 37 ) AND agent ( 45 , 23 )
361	A dog liked the hedgehog beside the seat .	subj_to_obj_common	dog ( 12 ) ; * hedgehog ( 29 ) ; * seat ( 6 ) ; nmod . beside ( 29 , 6 ) AND like ( 41 ) AND agent ( 41 , 12 ) AND theme ( 41 , 29 )
362	Isabella crumpled the hedgehog .	subj_to_obj_common	* Isabella ( 23 ) ; * hedgehog ( 14 ) ; crumple ( 37 ) AND agent ( 37 , 23 ) AND theme ( 37 , 14 )
363	The girl found the hedgehog on a table .	subj_to_obj_common	* girl ( 23 ) ; * hedgehog ( 14 ) ; * table ( 8 ) ; nmod . on ( 14 , 8 ) AND find ( 19 ) AND agent ( 19 , 23 ) AND theme ( 19 , 14 )
364	The guest handed the hedgehog in the vehicle to a lion .	subj_to_obj_common	* guest ( 19 ) ; * hedgehog ( 8 ) ; * vehicle ( 14 ) ; lion ( 27 ) ; nmod . in ( 8 , 14 ) AND hand ( 36 ) AND agent ( 36 , 19 ) AND theme ( 36 , 8 ) AND nmod . in ( 36 , 14 ) AND recipient ( 36 , 27 )
365	Emma crumpled a hedgehog on the stage .	subj_to_obj_common	Emma ( 23 ) ; * hedgehog ( 17 ) ; * stage ( 8 ) ; nmod . on ( 17 , 8 ) AND crumple ( 45 ) AND agent ( 45 , 23 ) AND theme ( 45 , 17 )
366	Liam gave Emma the hedgehog beside the road in the bag .	subj_to_obj_common	Liam ( 23 ) ; Emma ( 14 ) ; hedgehog ( 8 ) ; * road ( 19 ) ; * bag ( 27 ) ; nmod . beside ( 8 , 19 ) AND nmod . in ( 8 , 27 ) AND give ( 36 ) AND agent ( 36 , 23 ) AND recipient ( 36 , 14 ) AND theme ( 36 , 8 )
367	A girl snapped a hedgehog on a tree beside the table .	subj_to_obj_common	girl ( 13 ) ; * hedgehog ( 27 ) ; * tree ( 19 ) ; * table ( 35 ) ; nmod . beside ( 27 , 35 ) AND snap ( 6 ) AND agent ( 6 , 13 ) AND theme ( 6 , 27 ) AND nmod . on ( 27 , 19 )
368	Benjamin floated the hedgehog in a room .	subj_to_obj_common	* Benjamin ( 23 ) ; * hedgehog ( 14 ) ; * room ( 8 ) ; nmod . in ( 14 , 8 ) AND float ( 19 ) AND agent ( 19 , 23 ) AND theme ( 19 , 14 )
369	Emma rolled a hedgehog on the notebook .	subj_to_obj_common	Emma ( 23 ) ; * hedgehog ( 14 ) ; * notebook ( 8 ) ; nmod . on ( 14 , 8 ) AND roll ( 36 ) AND agent ( 36 , 23 ) AND theme ( 36 , 14 )
370	The frog shortened the hedgehog in a box .	subj_to_obj_common	* frog ( 11 ) ; * hedgehog ( 27 ) ; * box ( 33 ) ; nmod . in ( 27 , 33 ) AND shorten ( 19 ) AND agent ( 19 , 11 ) AND theme ( 19 , 27 )
371	Emma gave a bunny a hedgehog .	subj_to_obj_common	Emma ( 23 ) ; bunny ( 14 ) ; hedgehog ( 6 ) ; give ( 37 ) AND theme ( 37 , 14 ) AND recipient ( 37 , 6 )
372	Isabella poked the hedgehog beside the table .	subj_to_obj_common	Isabella ( 23 ) ; * hedgehog ( 14 ) ; * table ( 8 ) ; nmod . beside ( 14 , 8 ) AND poke ( 36 ) AND agent ( 36 , 23 ) AND theme ( 36 , 14 )
373	The boy liked that Alexander brought a monster a hedgehog .	subj_to_obj_common	* boy ( 23 ) ; Alexander ( 29 ) ; monster ( 6 ) ; hedgehog ( 14 ) ; like ( 41 ) AND agent ( 41 , 23 ) AND ccomp ( 41 , 48 ) AND bring ( 48 ) AND agent ( 48 , 29 ) AND theme ( 48 , 6 ) AND theme ( 48 , 14 )
374	A doctor lended a hedgehog beside a cup to a hero .	subj_to_obj_common	doctor ( 13 ) ; hedgehog ( 27 ) ; * cup ( 19 ) ; hero ( 35 ) ; nmod . beside ( 27 , 19 ) AND lend ( 6 ) AND agent ( 6 , 13 ) AND theme ( 6 , 27 ) AND recipient ( 6 , 35 )
375	A child shortened the hedgehog in a room .	subj_to_obj_common	child ( 19 ) ; hedgehog ( 8 ) ; * room ( 14 ) ; nmod . in ( 8 , 14 ) AND shorten ( 27 ) AND agent ( 27 , 19 ) AND theme ( 27 , 8 )
376	Emma declared that a cat gave the hedgehog to a girl .	subj_to_obj_common	Emma ( 23 ) ; cat ( 12 ) ; hedgehog ( 29 ) ; girl ( 41 ) ; declare ( 6 ) AND agent ( 6 , 23 ) AND ccomp ( 6 , 18 ) AND give ( 18 ) AND theme ( 18 , 29 ) AND recipient ( 18 , 41 ) AND agent ( 18 , 12 )
377	Emma ate a hedgehog .	subj_to_obj_common	Emma ( 12 ) ; hedgehog ( 29 ) ; eat ( 5 ) AND agent ( 5 , 12 ) AND theme ( 5 , 29 )
378	The customer supported that a boy proved that the girl gave a hedgehog to a mouse .	subj_to_obj_common	* customer ( 29 ) ; boy ( 13 ) ; prove ( 37 ) ; girl ( 43 ) ; hedgehog ( 8 ) ; mouse ( 21 ) ; support ( 5 ) AND agent ( 5 , 29 ) AND ccomp ( 5 , 37 ) AND agent ( 37 , 13 ) AND ccomp ( 37 , 46 ) AND give ( 46 ) AND theme ( 46 , 43 ) AND recipient ( 46 , 8 ) AND agent ( 46 , 21 )
379	Emma stabbed a hedgehog .	subj_to_obj_common	Emma ( 23 ) ; hedgehog ( 14 ) ; stab ( 37 ) AND agent ( 37 , 23 ) AND theme ( 37 , 14 )
380	William rolled Lina .	subj_to_obj_proper	William ( 23 ) ; Lina ( 14 ) ; roll ( 6 ) AND agent ( 6 , 23 ) AND theme ( 6 , 14 )
381	Addison handed Lina to Emma .	subj_to_obj_proper	Addison ( 13 ) ; Lina ( 24 ) ; Emma ( 37 ) ; hand ( 6 ) AND agent ( 6 , 13 ) AND theme ( 6 , 24 ) AND recipient ( 6 , 37 )
382	The girl offered the horse Lina .	subj_to_obj_proper	* girl ( 13 ) ; horse ( 27 ) ; Lina ( 41 ) ; offer ( 19 ) AND agent ( 19 , 13 ) AND theme ( 19 , 27 ) AND recipient ( 19 , 41 )
383	Emma cleaned Lina .	subj_to_obj_proper	Emma ( 23 ) ; Lina ( 17 ) ; clean ( 6 ) AND agent ( 6 , 23 ) AND theme ( 6 , 17 )
384	The boy gave the girl Lina .	subj_to_obj_proper	* boy ( 13 ) ; * girl ( 27 ) ; Lina ( 41 ) ; give ( 36 ) AND agent ( 36 , 13 ) AND theme ( 36 , 27 ) AND recipient ( 36 , 41 )
385	Logan gave the cat Lina .	subj_to_obj_proper	* Logan ( 23 ) ; cat ( 14 ) ; Lina ( 37 ) ; give ( 45 ) AND agent ( 45 , 23 ) AND theme ( 45 , 14 ) AND recipient ( 45 , 37 )
386	A king liked that a chicken gave Emma Lina .	subj_to_obj_proper	king ( 13 ) ; chicken ( 7 ) ; Emma ( 23 ) ; Lina ( 18 ) ; like ( 36 ) AND agent ( 36 , 13 ) AND ccomp ( 36 , 46 ) AND give ( 46 ) AND theme ( 46 , 23 ) AND recipient ( 46 , 18 ) AND agent ( 46 , 7 )
387	Daniel promised Ellie Lina .	subj_to_obj_proper	Daniel ( 23 ) ; Ellie ( 14 ) ; Lina ( 37 ) ; promise ( 6 ) AND agent ( 6 , 23 ) AND recipient ( 6 , 14 ) AND theme ( 6 , 37 )
388	The duck liked Lina .	subj_to_obj_proper	* duck ( 12 ) ; Lina ( 29 ) ; like ( 6 ) AND agent ( 6 , 12 ) AND theme ( 6 , 29 )
389	Caleb sold Ethan Lina .	subj_to_obj_proper	Caleb ( 23 ) ; Ethan ( 14 ) ; Lina ( 37 ) ; sell ( 6 ) AND agent ( 6 , 23 ) AND theme ( 6 , 14 ) AND recipient ( 6 , 37 )
390	Emma believed that Noah gave Liam Lina .	subj_to_obj_proper	Emma ( 10 ) ; Noah ( 23 ) ; Liam ( 56 ) ; Lina ( 42 ) ; believe ( 19 ) AND agent ( 19 , 10 ) AND ccomp ( 19 , 27 ) AND give ( 27 ) AND agent ( 27 , 23 ) AND recipient ( 27 , 56 ) AND theme ( 27 , 42 )
391	Emma passed Lina to a kitty .	subj_to_obj_proper	Emma ( 23 ) ; Lina ( 14 ) ; kitty ( 37 ) ; pass ( 6 ) AND theme ( 6 , 14 ) AND recipient ( 6 , 37 ) AND agent ( 6 , 23 )
392	The princess ate Lina .	subj_to_obj_proper	* princess ( 12 ) ; Lina ( 29 ) ; eat ( 6 ) AND agent ( 6 , 12 ) AND theme ( 6 , 29 )
393	Evelyn gave Lina to a journalist .	subj_to_obj_proper	Evelyn ( 23 ) ; Lina ( 14 ) ; journalist ( 37 ) ; give ( 6 ) AND theme ( 6 , 14 ) AND recipient ( 6 , 37 ) AND agent ( 6 , 23 )
394	Oliver dusted Lina .	subj_to_obj_proper	Oliver ( 23 ) ; Lina ( 14 ) ; dust ( 37 ) AND agent ( 37 , 23 ) AND theme ( 37 , 14 )
395	A giraffe mailed Lina to the girl .	subj_to_obj_proper	giraffe ( 19 ) ; Lina ( 13 ) ; girl ( 27 ) ; mail ( 36 ) AND agent ( 36 , 19 ) AND recipient ( 36 , 13 ) AND theme ( 36 , 27 )
396	Elijah grew Lina .	subj_to_obj_proper	Elijah ( 23 ) ; Lina ( 14 ) ; grow ( 37 ) AND agent ( 37 , 23 ) AND theme ( 37 , 14 )
397	The bear painted Lina .	subj_to_obj_proper	* bear ( 12 ) ; Lina ( 29 ) ; paint ( 6 ) AND agent ( 6 , 12 ) AND theme ( 6 , 29 )
398	A butterfly rolled Lina .	subj_to_obj_proper	butterfly ( 12 ) ; Lina ( 6 ) ; roll ( 19 ) AND theme ( 19 , 12 ) AND agent ( 19 , 6 )
399	A scientist gave Penelope Lina .	subj_to_obj_proper	scientist ( 12 ) ; Penelope ( 23 ) ; Lina ( 7 ) ; give ( 34 ) AND agent ( 34 , 12 ) AND recipient ( 34 , 23 ) AND theme ( 34 , 7 )
400	A boy shattered the block on a tree .	unacc_to_transitive	* boy ( 26 ) ; * block ( 13 ) ; * tree ( 39 ) ; nmod . on ( 13 , 39 ) AND shatter ( 47 ) AND agent ( 47 , 26 ) AND theme ( 47 , 13 )
401	Liam shattered the cake beside a table .	unacc_to_transitive	* Liam ( 23 ) ; * cake ( 17 ) ; * table ( 8 ) ; nmod . beside ( 17 , 8 ) AND shatter ( 45 ) AND agent ( 45 , 23 ) AND theme ( 45 , 17 )
402	A girl shattered a block .	unacc_to_transitive	girl ( 13 ) ; block ( 27 ) ; shatter ( 40 ) AND agent ( 40 , 13 ) AND theme ( 40 , 27 )
403	Harper shattered a ball in a house .	unacc_to_transitive	* Harper ( 23 ) ; * ball ( 17 ) ; * house ( 9 ) ; nmod . in ( 17 , 9 ) AND shatter ( 29 ) AND agent ( 29 , 23 ) AND theme ( 29 , 17 )
404	The girl shattered a donut .	unacc_to_transitive	* girl ( 23 ) ; * donut ( 14 ) ; shatter ( 37 ) AND agent ( 37 , 23 ) AND theme ( 37 , 14 )
405	A professor shattered Emily .	unacc_to_transitive	* professor ( 12 ) ; Emily ( 29 ) ; shatter ( 6 ) AND agent ( 6 , 12 ) AND theme ( 6 , 29 )
406	The child shattered Olivia .	unacc_to_transitive	* child ( 12 ) ; Olivia ( 29 ) ; shatter ( 6 ) AND agent ( 6 , 12 ) AND theme ( 6 , 29 )
407	Alexander shattered the researcher on a mattress .	unacc_to_transitive	* Alexander ( 23 ) ; * researcher ( 12 ) ; * mattress ( 7 ) ; nmod . on ( 12 , 7 ) AND shatter ( 34 ) AND agent ( 34 , 23 ) AND theme ( 34 , 12 )
408	William supported that Grace shattered the cookie on the table .	unacc_to_transitive	William ( 12 ) ; Grace ( 23 ) ; cookie ( 7 ) ; table ( 19 ) ; support ( 4 ) AND agent ( 4 , 12 ) AND ccomp ( 4 , 29 ) AND shatter ( 29 ) AND theme ( 29 , 7 ) AND nmod . on ( 29 , 19 ) AND agent ( 29 , 23 )
409	The cat shattered a shell in the storage .	unacc_to_transitive	* cat ( 23 ) ; * shell ( 14 ) ; * storage ( 9 ) ; nmod . in ( 14 , 9 ) AND shatter ( 36 ) AND agent ( 36 , 23 ) AND theme ( 36 , 14 )
410	Liam shattered the girl .	unacc_to_transitive	* Liam ( 23 ) ; * girl ( 14 ) ; shatter ( 37 ) AND agent ( 37 , 23 ) AND theme ( 37 , 14 )
411	Carter shattered the cat on the desk .	unacc_to_transitive	* Carter ( 23 ) ; * cat ( 12 ) ; * desk ( 7 ) ; nmod . on ( 12 , 7 ) AND shatter ( 34 ) AND agent ( 34 , 23 ) AND theme ( 34 , 12 )
412	Emma shattered a baby .	unacc_to_transitive	Emma ( 23 ) ; * baby ( 12 ) ; shatter ( 56 ) AND agent ( 56 , 23 ) AND theme ( 56 , 12 )
413	Emma thought that the farmer shattered William .	unacc_to_transitive	Emma ( 23 ) ; farmer ( 14 ) ; William ( 37 ) ; think ( 6 ) AND agent ( 6 , 23 ) AND ccomp ( 6 , 19 ) AND shatter ( 19 ) AND theme ( 19 , 37 ) AND agent ( 19 , 14 )
414	Emma shattered the donut .	unacc_to_transitive	Emma ( 12 ) ; * donut ( 29 ) ; shatter ( 37 ) AND agent ( 37 , 12 ) AND theme ( 37 , 29 )
415	Emma shattered the baby .	unacc_to_transitive	Emma ( 23 ) ; baby ( 17 ) ; shatter ( 6 ) AND agent ( 6 , 23 ) AND theme ( 6 , 17 )
416	Lucas shattered a cake .	unacc_to_transitive	Lucas ( 23 ) ; cake ( 12 ) ; shatter ( 45 ) AND agent ( 45 , 23 ) AND theme ( 45 , 12 )
417	The politician thought that the lion shattered a donut .	unacc_to_transitive	* politician ( 29 ) ; * lion ( 42 ) ; * donut ( 11 ) ; think ( 6 ) AND agent ( 6 , 29 ) AND ccomp ( 6 , 36 ) AND shatter ( 36 ) AND theme ( 36 , 11 ) AND agent ( 36 , 42 )
418	A hero shattered a cake beside a table .	unacc_to_transitive	hero ( 13 ) ; * cake ( 27 ) ; * table ( 19 ) ; nmod . beside ( 27 , 19 ) AND shatter ( 6 ) AND agent ( 6 , 13 ) AND theme ( 6 , 27 )
419	Mia shattered the raisin on the box .	unacc_to_transitive	Mia ( 23 ) ; * raisin ( 14 ) ; * box ( 8 ) ; nmod . on ( 14 , 8 ) AND shatter ( 36 ) AND agent ( 36 , 23 ) AND theme ( 36 , 14 )
